user_id,product_id,rating
103,442,4
436,279,5
861,251,5
271,310,3
107,208,3
72,321,3
701,140,4
21,280,5
615,34,4
122,309,3
467,392,5
215,18,2
331,57,1
459,112,1
88,5,3
373,410,4
100,414,2
872,182,5
664,13,4
131,339,3
662,285,4
309,259,3
770,90,1
344,104,1
492,379,4
414,186,2
806,250,5
386,255,3
192,76,5
956,386,1
277,459,2
161,108,2
460,156,5
314,82,1
22,77,5
253,485,4
748,470,2
857,460,2
561,258,4
475,127,1
59,485,2
511,391,3
682,282,3
476,474,1
700,88,4
976,204,5
783,16,1
190,151,5
958,424,1
687,254,3
958,188,4
563,329,3
876,32,4
567,271,5
244,485,1
832,397,2
505,5,2
131,459,4
485,330,4
819,308,3
647,333,2
21,169,3
841,181,5
167,366,2
274,178,5
388,143,1
601,362,3
316,248,4
14,127,2
242,263,3
777,40,4
346,412,1
565,416,2
898,355,5
340,255,1
92,143,4
367,240,2
956,228,2
455,341,1
428,198,2
509,65,4
776,388,1
943,11,5
35,108,1
206,26,1
81,445,5
932,421,4
562,151,3
872,221,3
388,341,5
2,496,4
390,237,2
566,237,5
106,497,3
772,219,4
822,487,1
477,424,4
703,461,4
402,151,3
730,123,3
556,144,2
162,478,2
202,189,5
958,255,1
996,68,2
270,104,3
863,336,4
816,159,5
271,309,2
456,362,4
462,409,4
727,300,2
252,396,1
702,90,1
296,357,5
725,256,1
720,496,5
749,353,3
338,220,2
879,9,4
53,12,5
792,325,1
922,438,5
217,244,5
764,182,1
188,284,1
380,312,2
493,99,4
41,197,2
157,482,2
15,366,1
813,226,1
65,333,4
857,103,5
839,106,2
521,365,4
344,368,2
129,58,5
648,78,2
472,75,3
63,42,4
139,422,1
499,324,2
593,181,4
392,33,4
675,71,2
419,56,1
289,105,1
379,200,2
773,101,4
490,256,1
231,307,2
41,74,2
28,171,2
135,377,4
201,143,1
840,166,4
780,399,3
930,261,1
33,221,4
48,83,1
503,182,3
407,307,5
574,10,2
728,396,4
805,4,3
99,351,3
684,402,1
872,336,1
726,488,2
987,292,1
547,281,4
961,215,4
739,460,4
613,98,5
943,420,4
462,101,1
643,451,1
769,9,4
5,61,3
218,309,3
503,146,3
767,427,2
398,419,5
871,63,4
795,121,2
393,226,3
207,105,4
15,462,2
858,260,1
554,349,3
892,425,2
461,255,1
691,429,3
575,434,5
864,207,3
743,28,5
241,170,5
564,336,5
96,76,4
900,116,4
734,69,5
485,354,1
407,234,5
231,1,2
749,167,5
655,352,4
171,218,4
541,273,2
36,368,2
525,251,3
160,347,1
839,344,1
699,419,1
243,174,4
86,170,1
796,246,3
578,423,3
682,90,1
557,49,2
574,446,3
953,294,2
646,407,4
796,150,3
28,132,2
620,433,1
556,59,4
340,457,5
798,324,5
958,199,1
331,215,4
640,386,4
506,49,4
348,472,4
473,232,5
231,247,2
190,382,4
225,479,2
385,239,4
377,415,3
283,367,3
958,168,3
633,48,4
628,51,2
973,299,5
745,98,1
259,439,5
359,216,4
710,177,3
456,380,3
411,474,2
649,80,4
318,185,5
677,367,4
225,461,4
819,399,3
234,27,5
684,452,1
664,464,3
975,448,5
827,478,2
374,492,3
672,414,2
608,420,3
472,195,4
233,214,5
692,369,2
113,342,3
830,114,2
497,242,3
442,124,3
564,305,1
268,76,1
510,311,1
807,469,2
386,312,4
387,196,3
113,351,5
613,44,1
625,415,2
952,186,2
81,343,2
699,246,5
113,437,5
2,84,1
642,207,5
220,151,1
566,156,5
855,16,5
997,165,5
736,405,1
225,463,3
385,145,1
403,498,3
638,37,2
130,333,2
53,403,1
684,414,3
730,45,3
672,402,3
710,206,2
416,62,1
247,420,4
836,356,3
439,468,3
203,308,4
184,19,1
123,365,3
401,300,1
767,7,3
294,249,5
280,428,3
837,117,5
884,68,1
610,34,3
198,194,2
982,325,2
907,55,4
511,266,2
752,480,5
144,42,2
609,297,2
201,461,2
124,231,3
187,453,4
326,378,1
464,394,4
349,10,5
771,358,3
660,475,3
764,444,2
955,128,2
932,179,5
403,405,3
346,392,1
963,193,4
511,92,3
147,369,1
148,231,1
864,78,4
711,85,1
820,30,5
489,213,1
929,49,5
936,265,1
640,145,2
551,69,1
338,58,5
872,185,1
641,62,1
779,479,1
988,308,5
953,445,1
473,296,4
946,166,4
151,171,5
415,63,2
990,147,4
298,484,3
611,306,4
263,161,3
764,141,5
144,334,2
346,97,3
624,446,3
572,221,4
881,43,3
2,433,5
897,292,5
304,378,5
254,108,4
652,266,2
453,95,4
37,262,5
160,313,4
9,385,5
233,71,1
99,442,1
659,219,3
816,21,2
208,92,1
131,127,5
404,80,4
152,312,4
54,238,3
120,471,4
673,372,1
920,404,4
628,486,1
587,182,1
625,25,2
968,156,3
420,5,5
422,120,1
104,277,3
852,18,5
254,431,4
227,198,3
112,57,3
510,93,3
473,19,4
99,384,4
153,353,3
861,193,2
914,237,1
896,387,4
878,426,2
338,277,4
706,227,3
822,233,2
163,40,5
720,323,1
957,153,1
681,127,4
996,237,1
161,486,5
580,493,2
801,55,2
398,468,3
277,436,2
816,172,4
916,109,5
504,354,3
896,469,4
392,184,4
135,439,4
195,368,1
401,471,4
640,198,1
33,371,2
688,373,1
460,461,4
955,497,5
883,87,5
470,201,2
375,337,4
22,322,1
750,275,5
670,211,3
38,391,4
230,118,4
365,191,3
563,42,5
438,42,3
776,315,2
283,276,1
27,329,1
226,17,5
277,283,3
798,431,4
609,258,4
284,63,4
879,62,2
960,100,2
481,19,4
453,17,5
829,325,2
816,423,2
659,466,1
516,373,1
547,246,5
192,251,2
49,455,2
512,81,3
17,39,5
172,36,5
220,424,3
158,429,3
477,388,1
46,486,5
373,409,5
518,197,3
99,158,4
892,204,4
745,196,1
37,216,4
280,285,4
349,457,4
497,196,2
302,307,1
181,152,3
607,14,4
99,325,2
700,146,4
993,426,2
116,57,1
191,211,4
253,268,2
981,210,5
928,17,5
983,286,2
161,344,4
256,203,4
323,99,1
128,279,1
18,209,3
793,129,1
735,335,4
566,288,3
570,252,1
323,265,2
872,271,5
686,412,1
792,408,1
626,188,2
288,419,4
943,214,2
854,283,1
663,211,4
962,365,3
639,76,1
155,148,2
490,321,3
386,213,5
986,433,3
785,109,2
104,129,3
929,10,2
393,47,1
811,379,4
246,315,5
176,96,4
39,446,4
477,103,4
682,380,2
759,342,2
538,146,5
867,368,2
818,430,2
921,416,2
408,27,2
525,220,1
828,18,5
506,167,2
903,433,5
825,477,3
36,82,1
685,428,2
20,72,1
321,310,1
776,479,3
512,254,5
400,162,1
654,327,4
972,420,3
883,402,4
471,38,3
143,443,4
92,393,4
354,201,1
834,494,1
800,200,3
727,255,5
959,179,1
854,35,1
51,82,2
665,389,1
698,398,5
575,220,2
190,158,4
125,4,4
150,167,2
314,468,2
570,448,2
342,409,3
305,412,5
692,204,5
682,194,4
838,235,4
783,206,4
54,150,1
444,159,4
613,279,2
993,304,4
264,404,2
53,381,3
572,166,1
620,311,1
5,68,5
103,463,3
196,88,2
774,217,3
877,1,1
992,135,2
884,185,3
350,351,1
47,140,2
867,106,2
823,133,1
936,108,2
820,178,1
656,298,4
269,358,4
370,380,2
636,396,2
106,359,1
670,146,2
659,450,5
657,74,4
120,463,2
831,478,2
787,108,3
604,122,2
58,17,5
951,196,4
346,327,3
741,318,1
474,297,1
117,479,4
830,499,1
791,252,5
127,487,2
393,119,4
908,162,3
641,198,2
58,498,1
634,486,1
513,45,3
751,314,5
802,179,3
96,382,4
638,418,3
118,44,1
560,271,5
601,78,5
488,326,3
237,178,4
885,357,1
897,498,2
272,416,5
189,451,3
999,3,4
704,214,4
447,342,1
581,74,5
790,51,1
861,67,2
247,332,2
963,93,2
76,176,4
154,145,5
656,7,1
435,269,1
997,376,2
86,322,5
697,4,5
285,138,3
974,231,5
220,88,5
69,17,1
47,52,5
94,134,5
750,211,1
958,325,5
453,480,1
204,458,3
912,393,4
218,219,1
474,205,1
432,211,5
341,277,1
551,24,2
612,486,2
289,4,3
254,152,1
734,443,5
357,483,5
23,259,4
762,324,3
522,357,5
758,168,4
837,176,5
100,310,4
802,291,2
180,479,2
223,56,5
906,108,3
762,473,1
659,296,3
442,461,3
608,324,1
769,302,2
325,334,2
516,141,1
16,155,4
792,262,3
336,273,5
759,420,2
258,232,5
497,241,1
988,355,5
896,337,5
160,489,3
475,258,1
852,249,5
664,77,2
908,180,1
690,66,2
675,308,4
380,348,5
545,171,1
929,474,2
957,22,5
691,367,3
427,107,2
613,439,2
268,323,4
835,227,3
577,444,4
417,442,3
168,396,2
842,216,4
43,69,5
556,84,3
285,103,2
397,39,1
12,13,3
607,297,3
302,313,5
898,181,3
253,493,3
499,268,5
754,13,5
35,120,4
727,458,2
849,353,2
90,57,4
776,40,2
605,374,3
922,336,4
970,128,4
602,173,2
418,35,1
115,259,2
617,376,1
903,5,4
196,218,1
826,11,3
501,382,5
626,327,1
493,117,5
75,184,3
413,394,5
376,362,3
420,116,5
729,162,5
277,67,2
761,200,1
676,31,5
394,75,4
869,237,2
457,327,1
920,493,2
192,66,1
739,70,3
689,297,5
99,447,4
548,416,2
978,20,2
999,441,2
96,226,2
664,434,5
663,464,1
190,409,5
736,396,3
37,199,5
780,39,5
369,145,3
695,45,5
525,395,1
279,326,4
217,381,3
867,407,2
873,91,1
798,238,4
273,70,1
881,166,1
62,130,2
596,214,4
880,340,1
729,89,2
342,335,3
397,252,2
699,369,5
19,349,2
177,72,2
612,165,2
396,49,1
445,52,4
233,289,2
915,278,2
76,114,5
265,239,5
455,133,3
796,487,3
718,274,5
735,166,4
384,374,3
564,373,4
851,293,5
506,478,3
367,243,2
144,479,5
885,320,3
69,138,4
99,79,4
396,170,3
25,123,4
948,176,3
891,300,3
469,82,4
484,87,1
565,225,2
151,16,5
144,310,2
569,358,5
39,163,5
109,98,2
693,156,3
42,2,4
186,350,1
935,397,1
398,169,1
223,464,2
634,315,2
133,325,3
163,375,1
215,92,3
733,181,1
235,231,2
843,301,4
658,148,4
751,280,4
588,189,4
9,347,5
74,350,1
954,314,4
492,493,5
913,411,5
253,410,5
230,128,3
519,7,3
174,426,5
653,47,4
168,53,1
170,187,2
393,38,3
946,453,4
795,471,4
634,476,2
194,226,2
517,53,4
29,399,2
165,224,4
422,154,2
339,48,2
648,351,4
496,147,5
365,393,4
833,64,1
342,349,2
500,182,3
657,125,2
511,179,1
327,39,3
217,260,3
301,382,4
132,3,5
804,64,4
70,29,3
252,372,3
415,11,5
787,97,2
445,358,5
876,442,4
182,203,2
167,411,4
91,481,5
714,21,2
858,39,5
531,223,1
39,102,3
126,46,2
451,66,3
173,91,1
653,164,2
754,459,3
220,111,3
638,338,2
58,123,3
660,193,3
476,447,2
456,99,3
829,291,3
895,159,4
361,412,4
935,103,1
1,385,4
387,281,4
973,43,1
348,486,3
190,84,3
505,451,4
191,191,1
508,51,3
369,386,5
409,210,2
824,126,2
929,492,2
934,448,4
117,458,2
134,69,2
58,265,5
556,258,3
685,418,5
672,188,4
173,230,2
829,189,3
815,415,2
149,10,2
80,114,4
886,76,2
213,164,1
203,85,3
764,49,3
229,495,1
676,326,4
227,496,2
659,177,2
532,387,3
441,458,4
402,389,4
47,494,4
233,218,2
305,189,4
526,469,1
143,493,5
415,346,4
513,230,5
373,255,2
566,236,4
886,26,3
259,72,2
656,261,1
471,254,1
953,271,5
971,123,5
12,144,3
330,257,3
736,144,1
784,421,4
968,259,1
358,436,1
972,47,3
408,351,5
668,13,3
373,376,3
8,208,3
122,311,1
348,235,4
676,149,1
90,322,2
648,438,3
698,155,3
316,166,2
178,90,3
540,186,3
732,318,3
869,358,2
41,174,1
740,217,3
704,395,4
923,456,2
502,264,5
959,97,2
145,117,1
201,199,2
929,320,5
724,486,4
461,21,5
732,200,2
752,371,5
925,447,2
909,341,4
558,448,4
547,248,1
253,276,4
390,264,3
594,58,5
883,302,5
256,31,2
709,498,4
815,249,1
921,93,1
450,496,1
10,265,3
824,271,4
798,94,1
242,154,3
251,394,5
877,285,2
5,80,4
119,292,4
801,84,5
374,365,4
65,374,4
146,37,4
224,342,4
239,327,3
177,407,3
779,425,2
853,232,4
282,93,5
63,336,1
217,102,2
854,412,1
827,432,1
795,166,4
689,159,5
461,14,1
929,373,1
610,225,2
105,73,5
99,249,5
511,91,1
385,216,5
405,461,2
823,90,2
518,29,2
476,435,4
977,305,1
709,427,5
863,476,2
645,220,1
870,328,1
771,215,4
437,221,5
23,389,5
997,42,2
565,135,2
677,42,1
714,164,5
458,361,5
83,283,2
145,58,3
85,302,1
78,322,5
457,25,4
878,73,4
1,373,3
51,411,2
685,129,2
717,87,2
772,330,4
446,426,2
449,436,4
881,153,3
488,182,1
800,125,5
34,67,3
348,6,4
95,125,3
72,314,5
551,326,1
154,53,5
250,66,4
674,314,5
438,82,3
118,87,2
771,2,3
891,204,4
306,150,1
268,293,5
961,404,1
54,103,4
236,24,5
389,368,3
990,212,3
734,65,4
763,449,5
825,209,3
401,251,4
624,385,4
767,117,1
303,116,3
919,237,5
207,478,3
229,105,3
853,495,3
910,259,4
578,46,2
75,311,2
435,331,1
103,216,3
422,470,2
704,448,1
764,492,4
738,301,3
806,410,5
306,333,4
98,449,1
850,24,4
798,458,5
335,35,4
859,24,1
435,28,5
447,484,5
994,464,4
308,488,5
249,16,4
166,59,3
481,465,5
984,243,4
335,438,3
542,207,5
759,400,3
106,271,5
563,249,1
81,482,1
133,267,4
797,193,2
900,335,1
138,218,2
184,115,3
401,68,3
330,299,2
785,325,4
508,483,5
852,397,2
984,394,2
69,75,2
546,466,2
774,482,2
53,103,4
450,297,1
205,490,5
126,178,1
747,215,2
43,455,1
752,315,4
971,39,3
883,259,1
111,204,5
761,7,4
663,49,3
183,26,4
848,161,2
95,357,3
971,176,5
374,79,3
912,2,5
520,489,2
900,383,5
360,455,4
900,416,1
696,132,4
281,276,4
195,498,3
864,117,2
195,164,1
667,288,5
93,28,3
672,333,2
946,1,1
61,188,4
634,56,2
51,35,2
403,112,2
789,286,4
5,310,5
466,36,3
604,439,5
682,217,1
829,80,3
534,314,1
405,83,4
838,65,5
513,325,2
645,128,3
233,307,2
524,22,1
346,216,2
46,107,2
546,109,4
945,372,4
78,357,5
730,181,1
813,356,4
923,164,4
73,68,5
794,292,3
249,180,5
47,181,2
121,466,2
214,434,4
239,464,4
56,169,5
350,402,5
107,22,1
831,66,2
48,21,5
573,100,3
337,384,1
26,300,5
804,103,4
257,47,5
8,39,4
625,285,4
867,310,2
253,90,2
692,85,5
719,273,5
303,336,3
639,188,1
56,159,1
726,243,5
526,73,2
474,479,3
28,462,1
983,49,5
78,101,2
216,2,2
386,244,2
365,176,4
666,238,2
526,398,5
699,59,3
312,353,5
883,99,2
7,442,3
3,359,1
623,442,1
919,495,5
750,435,3
363,468,5
751,2,3
508,243,3
274,297,5
506,211,3
806,123,2
739,229,3
883,82,3
15,144,5
192,388,1
985,140,4
631,29,3
485,391,4
28,270,3
714,247,5
39,12,5
953,355,3
273,389,5
231,337,5
86,106,3
474,32,1
126,74,3
812,171,1
537,337,5
145,69,1
525,301,5
212,362,1
25,137,1
580,433,3
394,417,1
67,484,5
233,100,3
109,146,1
146,9,3
111,62,4
228,185,3
111,29,4
470,381,4
34,114,3
623,462,5
776,409,5
936,143,5
369,390,2
748,120,4
595,170,3
554,157,5
425,335,5
613,349,3
518,260,4
692,82,3
282,242,2
320,441,2
738,433,3
443,172,4
952,231,5
315,208,2
877,75,2
966,270,4
741,387,2
377,499,2
289,114,4
437,62,3
662,362,5
277,320,5
710,102,2
582,429,5
503,362,3
624,210,2
516,442,5
350,255,1
843,20,1
446,58,1
830,112,1
350,473,1
607,313,2
664,486,4
823,461,4
137,196,2
759,375,2
899,462,3
243,353,4
543,92,1
40,52,2
229,293,1
548,8,4
920,300,5
223,98,5
6,236,2
322,389,3
468,374,1
732,69,2
75,415,3
4,45,1
847,137,4
646,234,5
118,32,3
881,289,1
606,126,2
504,67,1
998,30,2
947,114,5
574,204,5
441,29,1
194,131,1
847,474,2
715,185,2
392,253,3
26,286,3
435,393,3
173,410,1
300,386,3
645,62,1
326,3,5
410,430,4
118,68,5
836,25,1
787,179,1
724,141,4
225,231,2
532,300,2
113,163,2
140,311,3
559,471,2
1,393,3
90,130,3
654,445,2
320,246,2
550,297,4
805,172,4
894,64,3
139,31,4
511,492,3
868,47,1
845,130,3
259,352,3
673,466,4
902,333,1
690,110,5
10,69,5
261,58,5
919,106,1
650,300,2
172,330,1
898,256,4
13,312,3
168,171,3
642,383,4
596,473,4
321,162,3
319,485,2
613,286,2
329,71,2
785,255,4
777,454,3
971,374,3
911,55,3
920,323,1
550,397,1
419,3,5
606,26,1
95,313,2
817,126,2
581,408,2
318,53,2
956,198,5
236,299,2
946,188,4
334,186,4
885,305,4
376,298,1
459,204,3
137,497,5
930,484,4
588,450,4
995,11,2
547,359,4
513,354,2
296,474,2
320,146,3
918,85,1
572,100,2
832,104,2
349,436,3
840,46,2
779,44,5
873,278,1
229,181,5
270,187,4
828,478,1
798,114,4
291,491,2
725,255,3
165,381,5
5,380,4
851,30,2
379,264,5
78,98,5
410,313,4
574,367,2
132,329,3
601,115,4
749,276,5
42,488,5
89,281,1
402,275,2
296,261,1
840,331,3
295,207,4
616,384,5
526,328,2
800,211,5
691,215,1
637,411,1
422,40,4
865,480,2
23,26,2
575,27,4
143,190,1
993,83,1
665,384,1
145,434,5
225,170,3
503,413,1
962,167,3
974,188,3
821,169,2
616,289,4
104,467,5
947,229,3
39,467,5
947,97,2
198,367,1
646,16,3
579,279,4
391,135,2
179,26,5
968,352,1
554,12,5
448,72,4
500,133,3
15,106,4
623,220,5
669,373,5
289,453,4
478,177,4
231,282,4
923,133,1
420,22,5
157,463,2
550,269,1
441,412,1
97,161,1
997,107,2
411,279,4
951,353,5
289,235,3
254,18,3
196,242,5
598,117,2
834,286,3
522,282,1
517,144,3
635,205,5
842,39,1
865,417,3
118,154,5
806,176,2
909,449,5
159,241,2
815,422,1
228,386,5
877,369,4
216,134,4
948,46,4
696,50,4
15,166,4
157,106,2
648,216,5
261,146,1
157,411,4
47,425,4
324,72,1
844,476,1
685,330,4
130,273,2
411,247,1
95,446,5
627,413,5
755,186,2
932,70,3
292,462,2
794,150,4
811,246,3
283,262,4
69,26,5
660,423,1
11,140,4
254,99,5
842,398,2
872,278,4
550,51,5
134,151,1
712,432,4
23,455,5
815,104,4
346,434,1
302,89,4
363,141,4
396,213,5
218,233,3
141,394,4
616,183,3
958,251,2
210,9,4
985,79,3
993,52,2
623,386,5
616,409,4
828,269,5
683,226,2
460,51,5
356,186,5
324,34,1
133,291,2
888,230,5
805,131,3
840,490,2
127,120,1
106,443,4
604,326,5
799,247,3
378,432,1
905,192,2
51,497,5
29,403,1
462,323,1
296,210,3
297,103,4
726,329,4
779,372,4
407,460,2
769,133,1
814,323,2
613,139,1
405,121,3
346,94,3
622,452,2
420,453,2
182,129,3
983,91,5
825,92,4
1,63,4
831,29,3
950,210,4
567,12,5
371,333,5
936,297,1
911,130,2
661,293,4
431,173,5
969,208,2
309,432,2
137,24,1
202,99,2
436,406,2
313,356,3
117,139,1
666,314,1
937,174,4
803,29,2
575,419,4
244,496,5
537,143,2
602,316,5
75,351,3
806,42,2
386,489,4
903,299,4
210,208,2
475,330,4
418,433,2
347,192,1
529,160,4
640,64,2
939,243,2
955,258,4
876,152,1
763,215,4
179,322,2
182,166,1
664,31,5
25,371,3
967,232,4
180,282,2
710,29,1
501,195,1
856,334,5
161,256,4
177,281,1
285,304,5
63,321,2
662,437,5
666,323,4
156,346,5
882,402,1
469,393,1
49,294,3
967,87,5
849,149,2
84,249,4
361,321,3
689,405,5
148,283,2
630,362,3
342,379,1
476,198,4
63,44,5
701,356,2
360,28,1
561,429,3
327,17,4
769,127,3
736,379,3
141,168,2
990,244,1
215,387,5
435,76,2
891,231,4
952,204,3
723,450,4
318,248,2
32,302,2
670,214,5
285,215,3
305,158,2
429,69,4
477,393,5
286,85,4
144,267,3
424,69,5
19,99,5
18,347,5
769,497,1
590,450,5
371,216,4
175,415,4
194,161,3
502,423,2
988,94,2
113,174,1
114,165,5
222,115,1
678,220,3
947,444,3
831,31,2
644,11,3
897,343,5
264,377,4
925,130,3
55,488,1
871,105,5
643,27,3
800,227,3
778,2,5
458,359,3
979,101,4
878,21,2
162,58,5
380,389,1
993,180,3
87,429,2
55,341,1
476,349,1
800,20,4
178,255,2
391,317,5
349,38,2
8,148,2
833,498,1
313,25,4
759,386,4
835,121,2
984,416,2
983,26,3
443,454,1
767,169,5
328,323,5
54,225,4
761,1,1
239,307,4
229,261,5
579,13,2
51,403,1
609,396,1
604,48,3
264,409,2
418,313,2
803,371,4
96,291,1
88,332,4
78,94,2
288,261,3
120,482,1
814,278,2
491,359,3
912,205,5
452,185,2
500,175,5
165,438,4
182,387,5
469,380,2
910,309,5
735,468,1
823,415,2
944,69,3
978,472,5
7,104,1
330,246,4
775,161,4
673,200,5
151,216,4
85,434,3
147,212,2
624,16,1
381,498,5
915,372,4
548,332,2
285,205,3
700,365,4
82,490,4
514,39,1
897,89,3
815,430,3
709,256,5
916,480,1
523,254,5
746,216,1
386,368,3
707,303,1
471,172,1
119,137,1
396,488,2
532,498,2
261,471,3
805,384,1
934,178,3
256,77,2
734,188,1
905,480,5
226,498,2
53,15,2
940,292,2
867,497,1
500,319,4
506,325,5
854,214,5
364,208,3
280,169,1
593,330,2
714,280,4
158,466,1
632,305,1
59,146,4
727,263,2
128,4,1
736,90,5
721,453,5
882,60,4
115,311,2
209,16,4
526,227,1
521,474,5
552,466,3
962,29,4
237,151,3
281,245,3
359,270,5
201,79,4
758,433,3
278,289,1
235,153,2
494,277,2
4,401,5
666,279,4
442,57,4
29,491,2
109,465,1
610,186,2
727,398,2
805,93,4
75,276,3
838,158,1
146,275,4
128,181,2
853,359,3
42,440,1
356,77,5
41,466,1
934,151,1
34,446,2
17,238,2
677,289,5
153,231,5
998,488,5
378,18,4
588,73,4
599,417,2
629,416,2
874,189,5
342,438,4
981,17,3
27,19,4
825,219,2
287,326,4
646,483,2
731,120,5
168,101,5
610,34,5
268,84,3
749,409,3
821,196,2
455,330,1
906,202,3
685,344,2
401,341,4
922,11,5
981,347,5
476,400,5
702,218,2
634,445,5
558,253,3
576,222,4
130,383,5
822,369,2
363,80,4
705,7,5
819,272,1
693,227,5
292,16,3
371,424,4
794,12,3
29,291,1
149,241,1
779,21,3
296,178,4
11,427,1
512,228,1
676,496,5
113,273,2
187,288,1
807,297,4
744,134,4
227,472,5
310,283,4
98,404,5
55,153,1
623,66,1
664,137,1
758,92,1
406,437,2
69,317,2
312,422,1
289,259,4
762,468,5
548,454,3
751,103,5
148,481,3
467,55,3
739,257,1
244,101,3
491,198,1
849,301,2
958,226,4
507,431,3
365,463,4
482,237,1
201,26,3
154,121,5
450,398,2
501,182,2
73,199,3
713,302,2
296,255,5
17,122,4
641,31,5
217,472,2
61,315,4
939,479,5
616,285,1
42,106,1
25,224,4
39,273,4
803,398,4
131,232,1
498,420,5
229,256,4
108,442,1
172,496,4
435,24,4
478,109,4
102,191,1
866,347,5
524,25,1
275,187,1
613,288,4
44,116,3
955,338,3
817,366,3
957,402,1
17,37,4
330,282,3
569,137,2
823,227,2
497,320,2
815,328,5
12,404,4
318,182,1
592,362,1
216,86,4
339,467,5
776,414,4
991,53,5
661,348,3
81,355,3
727,235,5
485,447,4
374,267,3
976,287,4
710,433,3
200,496,4
537,487,4
466,100,2
89,478,5
268,87,1
655,403,5
571,396,4
922,15,4
489,415,5
877,427,4
538,101,3
47,165,4
288,463,5
778,29,5
16,114,5
711,107,2
401,410,2
919,364,2
794,130,2
981,84,2
86,271,2
250,244,2
391,388,5
782,214,1
335,306,2
629,166,5
519,279,1
137,59,2
883,90,1
688,371,1
840,331,3
498,412,4
827,194,3
727,123,1
477,136,5
594,413,2
223,139,4
990,229,2
372,274,5
935,439,4
995,50,3
402,398,1
443,118,5
490,202,1
615,483,1
273,393,2
526,483,5
159,395,1
152,191,3
995,364,4
620,460,5
188,323,2
813,181,5
98,423,2
131,78,4
805,440,3
171,412,1
936,75,5
986,295,2
183,281,4
983,21,1
364,394,4
39,171,3
527,15,1
888,211,1
497,48,1
516,86,2
349,149,1
982,188,4
921,372,2
397,492,1
722,480,4
161,306,4
16,151,5
493,141,4
426,69,3
108,260,1
894,476,1
450,334,1
311,456,4
739,9,4
170,121,1
546,371,2
414,419,2
251,101,3
759,149,5
781,442,3
141,146,1
274,353,1
416,456,1
608,243,5
739,241,4
891,337,5
39,43,3
814,95,4
29,226,4
958,6,3
477,214,4
318,206,2
245,67,3
748,396,3
697,100,2
272,12,5
440,237,5
748,322,5
239,258,4
377,399,2
266,407,3
926,413,3
921,337,3
359,480,4
340,135,4
389,222,5
577,156,4
990,142,5
689,428,5
3,158,3
429,465,4
142,416,5
376,494,2
670,326,2
324,371,4
146,344,3
958,262,3
293,283,5
665,338,4
432,344,2
705,229,5
949,376,5
975,280,1
585,358,4
399,290,5
817,168,2
889,47,1
344,463,2
964,203,3
140,214,1
187,246,1
805,24,5
61,321,3
997,274,5
939,44,4
380,332,2
710,313,2
807,363,5
440,156,2
319,488,2
302,380,4
344,199,3
11,407,1
62,469,5
845,162,5
226,395,4
153,470,4
711,234,1
564,163,3
772,116,5
571,93,4
584,42,5
660,284,2
861,379,5
575,210,3
310,206,3
885,466,5
243,220,2
493,280,3
366,136,4
330,106,5
107,118,2
226,237,4
825,309,5
218,456,2
937,388,4
753,475,3
506,100,5
259,261,5
888,481,3
774,305,1
517,354,4
773,286,3
54,328,5
47,103,4
727,63,4
689,175,1
521,282,5
99,441,2
20,293,1
890,226,1
753,7,2
573,127,2
891,424,1
490,92,4
419,423,3
690,190,3
850,359,1
62,476,4
145,462,2
216,53,1
3,242,5
160,486,4
739,132,5
998,490,5
781,466,1
120,364,4
893,112,5
89,409,4
329,7,3
580,230,5
910,156,5
357,197,4
610,323,3
267,364,5
617,223,1
952,367,4
323,490,4
635,250,5
988,404,3
541,83,5
649,240,2
195,380,5
921,395,2
738,360,1
332,323,4
170,471,4
521,263,3
463,407,5
40,189,1
537,455,2
261,366,3
395,290,1
955,362,1
226,403,2
984,58,2
124,9,4
975,304,5
38,115,3
328,210,5
251,41,3
901,304,1
176,173,2
602,234,2
914,281,1
454,372,1
37,78,3
316,108,1
688,281,3
973,403,5
796,39,2
965,119,2
973,335,2
593,336,5
114,27,5
40,104,4
301,74,3
224,191,3
318,324,4
349,499,2
115,147,3
698,255,3
323,284,2
568,213,1
40,123,1
866,495,4
40,206,5
859,417,3
973,240,3
749,394,4
289,339,4
262,286,3
216,22,2
147,259,2
336,357,5
168,105,3
92,466,3
353,459,3
571,432,3
571,258,4
816,204,1
681,310,3
781,262,1
363,107,2
557,251,5
345,424,2
693,492,3
170,221,2
356,379,4
191,222,1
667,258,3
422,201,4
700,367,1
7,258,4
133,349,2
747,225,3
557,202,2
826,226,5
761,236,3
31,183,2
535,200,3
426,357,1
394,246,3
672,444,3
363,353,1
437,111,2
670,6,3
551,236,4
927,127,3
82,104,2
356,237,1
258,403,2
718,480,5
589,155,3
989,257,3
524,235,1
295,500,3
962,289,4
224,40,4
525,288,2
46,197,1
667,273,5
113,382,2
233,264,1
17,57,1
360,298,2
223,98,2
866,137,3
700,376,5
448,87,4
856,419,3
365,242,1
675,199,5
326,463,5
467,437,2
414,310,5
455,84,5
586,242,1
233,281,3
224,323,5
994,252,2
831,190,3
412,439,2
572,430,5
335,152,3
222,482,5
37,302,1
989,278,3
278,139,2
196,176,1
916,8,4
864,295,2
484,235,5
242,163,2
324,49,4
731,302,2
192,38,1
17,136,2
524,310,3
918,421,4
401,219,2
906,348,4
886,296,1
705,34,3
22,352,5
474,79,2
120,236,1
210,383,4
306,273,4
270,161,1
704,175,2
687,366,5
285,308,2
716,374,3
676,464,2
763,221,3
227,9,4
948,289,3
381,444,5
460,113,1
7,477,3
29,205,2
907,405,3
33,186,4
646,341,3
879,197,5
79,266,3
928,262,5
947,248,2
459,115,4
570,121,1
983,141,2
538,65,2
482,276,1
430,313,3
738,239,3
285,302,3
516,392,4
977,10,2
99,457,5
397,369,1
489,233,2
39,195,3
271,395,1
887,12,5
797,394,2
157,409,2
75,177,4
884,177,2
800,217,2
130,11,5
687,446,5
974,118,1
84,164,3
22,39,5
459,53,1
539,218,2
707,206,1
849,487,1
382,312,1
748,360,1
440,385,5
604,56,3
989,118,1
21,388,4
303,253,2
976,286,2
869,268,2
955,291,2
84,333,2
774,180,1
659,415,3
953,358,4
453,235,5
387,343,4
507,196,5
257,308,5
570,80,4
892,135,1
934,22,2
527,477,1
162,331,2
957,440,3
163,225,5
832,58,4
793,93,3
792,192,2
524,103,1
786,396,4
271,7,5
492,128,3
208,55,5
539,231,2
584,362,5
60,62,1
430,240,3
985,90,3
657,232,1
605,457,5
309,233,1
520,354,4
591,493,1
27,333,5
686,439,1
562,375,2
199,292,1
387,345,1
349,152,5
960,428,4
940,145,4
693,130,5
536,141,5
828,415,5
378,93,2
899,114,3
916,284,1
558,444,5
527,411,5
153,143,5
734,223,4
206,232,5
455,463,1
273,33,5
894,276,1
236,170,2
852,140,3
740,357,4
521,201,1
678,23,2
944,456,3
956,224,3
831,368,3
726,270,1
501,347,2
117,153,5
386,333,2
344,85,2
584,109,2
395,31,1
64,229,1
717,240,1
721,378,2
72,363,1
789,310,3
274,389,1
990,141,4
320,156,1
338,299,1
366,345,1
495,371,1
607,99,4
166,47,5
544,487,1
11,327,3
301,422,4
729,480,5
801,67,1
102,62,5
425,109,3
392,167,4
779,37,4
214,119,5
691,498,1
88,86,2
553,382,4
401,392,2
588,465,4
889,52,1
46,91,1
672,289,4
463,494,5
592,337,1
310,298,1
86,204,3
92,368,1
660,238,3
673,382,1
714,155,1
936,240,5
928,136,5
242,407,1
865,362,4
2,381,4
225,369,1
801,64,4
745,123,1
973,254,5
926,477,2
929,114,3
589,20,4
116,16,4
666,145,5
918,208,4
103,19,1
194,376,1
166,392,2
871,166,2
90,38,2
686,181,1
122,349,2
143,105,2
994,100,1
106,90,5
887,415,4
428,300,3
305,444,1
872,332,1
971,401,3
317,79,3
963,73,2
635,423,3
902,426,4
9,176,4
774,396,4
73,96,4
359,345,4
223,103,2
416,402,1
553,463,3
370,224,1
716,6,3
264,122,2
840,236,2
690,427,5
860,116,5
318,163,2
84,226,2
318,230,3
111,182,2
251,249,1
383,318,3
7,453,2
459,210,3
84,144,3
208,392,4
900,345,5
390,96,3
314,382,3
22,346,4
410,244,2
895,86,3
515,415,4
127,491,1
809,394,4
700,184,5
874,121,5
14,332,2
971,92,2
978,70,5
12,404,5
87,133,3
524,279,5
909,137,2
537,314,5
301,187,2
243,221,1
122,464,5
147,438,2
567,46,4
750,278,3
356,192,2
685,8,5
904,379,5
733,276,1
631,179,4
309,334,2
695,39,4
288,293,1
307,178,3
812,162,4
594,331,1
966,374,2
914,104,3
723,161,5
662,287,1
549,123,5
352,54,3
312,428,1
873,34,1
59,242,3
643,455,2
924,378,1
714,113,3
755,318,4
35,23,5
445,46,1
93,312,4
950,135,1
959,118,2
207,473,3
353,189,1
903,131,3
332,422,1
817,212,2
862,418,2
725,113,4
159,44,2
954,128,3
957,364,2
24,158,1
404,273,2
805,315,3
516,394,1
732,355,4
364,340,4
382,402,4
532,45,1
956,108,4
152,219,2
562,443,1
689,318,1
947,315,1
608,177,5
617,228,3
420,191,5
250,471,5
117,160,5
866,394,3
512,267,5
740,358,4
578,326,1
335,379,1
418,489,2
932,190,4
774,175,3
295,290,1
938,484,5
755,357,2
371,145,2
186,232,1
246,360,4
637,438,2
268,204,1
643,213,4
237,40,1
530,275,1
552,323,4
21,82,4
911,181,4
737,499,1
867,320,2
794,83,3
520,303,3
100,262,1
752,272,1
478,200,2
599,240,4
298,402,1
940,180,5
526,432,4
334,171,1
2,295,5
375,177,2
293,369,5
837,396,1
934,237,3
553,138,1
318,327,3
502,366,2
828,311,2
381,129,4
623,49,4
14,164,3
504,277,3
231,293,2
985,116,5
84,24,3
130,311,3
743,25,5
838,391,4
145,127,4
891,234,3
857,209,4
28,93,4
66,94,4
163,327,2
229,225,1
261,455,3
449,378,3
424,280,2
460,11,1
952,329,1
676,12,2
301,35,5
919,447,5
303,452,1
287,228,5
395,220,5
10,441,5
707,141,1
630,23,5
270,83,3
592,490,1
970,229,2
605,423,5
778,344,4
844,80,1
862,353,2
361,396,3
257,290,2
133,455,5
276,331,4
776,159,5
683,477,2
972,128,1
513,190,4
313,397,4
576,31,2
886,386,5
980,359,2
284,15,4
121,313,2
107,75,4
933,34,5
687,359,1
997,196,1
204,331,2
165,29,4
305,194,1
497,16,4
632,423,5
556,77,2
824,293,4
156,81,2
367,405,4
719,428,4
902,124,5
620,19,2
251,455,3
957,102,4
916,392,4
882,77,1
334,229,2
642,450,3
969,297,5
511,203,3
293,472,5
20,454,3
282,61,3
797,26,2
1,71,1
119,103,3
35,467,4
198,326,4
485,363,4
757,157,1
59,363,3
837,359,5
161,194,5
691,275,2
206,324,1
12,186,3
490,326,4
276,113,1
693,313,1
242,165,3
216,61,2
251,92,2
811,286,2
126,455,4
994,457,4
217,153,3
306,225,2
797,127,3
185,193,2
39,115,1
223,262,5
184,18,5
495,10,2
427,92,3
178,139,4
919,481,2
428,449,2
294,333,4
852,357,2
151,340,1
384,449,4
638,52,1
813,195,5
308,466,4
336,489,4
946,206,3
746,287,3
892,475,4
375,401,5
8,439,2
341,366,3
129,93,5
776,420,5
669,485,3
352,410,2
358,309,3
517,145,5
495,86,1
86,153,3
175,2,5
802,342,3
193,389,5
311,260,2
119,164,5
218,6,4
427,500,1
970,149,5
414,205,3
114,118,3
978,485,5
145,89,4
538,154,5
648,439,2
303,167,4
744,468,5
881,161,1
588,270,4
987,56,5
840,228,1
345,337,5
814,149,2
964,46,3
801,144,5
1,238,4
147,272,5
287,120,5
976,340,5
654,413,5
53,220,4
304,8,4
69,344,5
361,387,3
602,473,5
958,275,4
220,353,2
962,66,5
704,79,5
966,86,5
575,124,5
585,202,1
161,466,5
681,150,4
89,46,4
688,113,1
781,91,5
585,141,3
757,289,5
589,389,4
159,218,2
489,77,2
971,411,3
324,377,5
610,384,1
381,334,5
102,152,3
494,323,3
644,239,3
614,115,2
19,319,5
454,369,5
482,94,1
594,483,3
397,48,3
279,191,4
851,462,4
365,12,2
331,156,5
641,172,1
344,477,1
822,427,3
455,401,1
601,296,3
725,177,5
655,341,1
65,57,3
76,343,5
711,340,5
143,448,3
917,203,3
915,185,2
828,121,5
605,226,3
473,202,5
417,330,1
305,363,4
736,380,4
497,454,3
291,356,3
940,216,5
102,460,3
986,43,5
267,375,3
867,23,5
968,155,3
622,186,2
974,249,5
842,237,2
962,293,2
942,134,2
777,321,2
3,390,1
85,434,4
794,22,1
328,361,3
816,88,3
450,153,4
454,125,4
924,79,4
629,346,2
221,456,1
154,51,3
665,216,1
12,176,1
133,358,1
994,253,4
304,454,4
293,246,3
975,227,3
300,106,3
740,193,1
783,316,4
43,302,2
944,36,1
343,442,5
326,204,1
814,422,4
498,267,5
364,268,1
891,170,4
427,498,4
21,39,2
407,455,1
619,139,4
336,292,3
815,52,4
117,287,2
124,289,4
399,141,1
793,146,1
804,425,5
715,314,1
51,184,5
783,152,3
324,201,2
789,128,3
141,287,5
470,311,4
787,253,4
802,489,3
334,266,4
893,188,5
964,386,2
373,230,1
564,271,5
494,259,5
539,299,1
669,415,1
751,198,2
156,323,2
291,56,2
648,319,4
144,203,5
106,271,1
420,109,5
670,116,5
658,92,2
2,138,2
945,422,5
589,303,2
644,57,4
90,50,1
345,498,5
350,71,1
459,399,4
263,402,2
351,82,3
108,372,4
586,105,3
39,88,1
909,2,5
159,360,2
583,84,4
959,482,2
312,43,3
241,154,3
938,327,5
445,422,3
298,94,5
952,298,4
36,133,5
84,395,3
452,65,1
886,290,5
775,376,2
822,257,1
385,467,5
172,386,2
376,213,1
685,148,5
362,61,4
559,471,2
891,149,4
141,88,3
887,324,5
918,383,5
118,396,2
277,278,5
726,404,3
220,82,5
905,129,1
26,286,4
521,382,3
783,353,3
10,280,4
984,270,4
378,292,3
633,453,4
637,203,2
682,24,4
584,444,1
152,351,1
720,311,2
49,461,4
154,208,1
859,280,5
293,205,4
580,152,2
50,438,4
664,26,3
531,194,3
612,336,1
60,422,3
167,238,2
202,321,1
857,497,2
146,75,2
915,435,3
676,163,3
970,299,2
993,29,3
439,165,3
242,337,3
581,186,4
687,54,2
561,295,5
483,42,2
108,412,1
226,285,3
673,427,3
631,387,5
661,500,1
977,138,4
662,187,2
432,490,4
805,398,1
655,204,5
419,431,1
988,42,5
455,350,4
160,416,4
523,288,1
650,426,1
969,416,3
590,26,5
77,371,3
509,385,2
441,56,2
254,253,1
921,122,4
770,106,2
320,130,2
803,337,3
263,158,3
597,376,2
658,231,1
835,455,3
554,308,2
374,91,4
637,393,3
167,22,2
937,290,5
753,110,3
459,49,5
999,129,3
280,73,3
700,340,5
302,53,1
531,467,2
580,356,1
218,380,1
102,168,2
554,45,4
288,452,1
167,393,1
621,105,1
36,150,4
744,146,3
741,204,5
353,362,5
676,299,4
899,167,1
73,201,5
648,134,4
353,211,2
891,48,5
70,126,2
425,239,1
999,7,5
708,464,4
781,453,3
561,272,5
828,385,5
642,371,5
956,37,5
517,487,4
428,211,4
539,165,3
160,125,4
149,337,4
776,192,1
230,218,1
712,214,2
562,62,3
67,328,1
812,445,3
381,381,3
58,161,5
259,66,3
342,286,5
838,239,2
130,20,2
727,188,2
172,82,5
770,363,5
614,202,2
209,408,5
803,132,4
354,37,4
471,132,5
798,77,5
116,89,1
264,461,1
662,402,3
812,253,3
442,344,3
548,194,2
453,176,4
845,33,2
477,58,5
287,467,1
303,201,5
311,28,5
208,35,1
618,487,5
446,125,3
670,394,1
633,321,5
55,42,3
912,85,3
12,393,4
657,188,3
400,111,2
908,271,1
648,483,1
980,441,1
515,325,5
656,105,5
542,406,2
237,320,3
279,41,5
348,215,3
627,71,3
104,56,5
630,407,5
517,236,2
980,281,4
872,475,1
248,105,5
364,390,5
321,375,3
633,162,4
286,191,5
149,9,4
84,60,1
966,381,3
406,305,2
978,225,1
456,307,4
743,188,4
800,70,1
161,293,4
784,287,2
460,482,2
550,169,4
500,62,4
738,349,2
509,442,4
654,14,5
804,164,3
481,420,5
663,245,4
114,335,4
749,8,3
578,154,4
361,36,3
341,48,2
770,85,3
987,28,3
761,196,5
969,446,4
449,208,2
843,470,1
835,204,3
180,464,1
702,307,4
407,104,3
666,230,1
196,426,5
466,101,1
311,29,5
262,127,2
419,338,4
406,10,1
939,106,3
143,167,4
342,466,1
316,257,3
101,295,3
244,277,3
490,65,3
12,271,1
239,388,2
561,188,5
42,317,5
678,404,5
594,138,2
429,343,3
803,105,3
158,34,4
216,380,5
670,110,5
462,432,3
134,33,5
67,354,3
848,231,3
7,317,3
948,266,1
526,182,1
73,340,1
399,65,1
405,333,2
675,1,4
578,133,4
859,80,3
130,271,5
931,241,1
466,28,4
206,223,4
788,23,1
978,496,2
768,109,2
266,107,4
537,145,2
962,369,1
793,354,4
253,397,1
822,398,2
289,139,1
164,284,2
95,298,2
782,480,1
833,99,2
110,317,3
336,123,1
822,320,3
238,287,1
381,81,2
436,495,2
899,457,4
483,10,4
937,8,3
902,405,2
25,205,4
653,315,2
117,434,1
482,197,4
392,198,3
917,30,4
994,479,2
964,401,5
537,459,5
79,20,2
580,48,1
173,457,4
956,130,5
12,293,1
800,385,2
128,132,1
608,356,2
92,54,4
653,378,1
543,281,4
846,387,1
532,265,2
658,470,2
989,215,1
828,460,2
447,458,3
390,290,3
672,43,4
861,74,3
43,350,3
254,278,5
130,326,5
60,242,5
663,130,5
467,350,2
287,194,4
517,32,4
467,106,3
930,400,4
778,204,3
345,1,4
642,245,1
382,72,1
779,432,4
690,306,2
253,397,3
927,15,4
56,53,3
463,428,5
457,8,4
983,330,2
83,46,5
905,325,4
99,114,1
149,147,4
329,495,1
156,166,1
190,379,4
494,139,4
883,117,1
263,299,3
80,276,5
400,404,2
764,277,4
609,338,5
260,313,5
772,178,3
615,330,5
552,354,4
785,154,5
101,414,4
359,201,4
380,366,1
820,115,3
221,159,2
820,42,1
420,247,2
124,68,4
422,445,1
231,445,5
690,326,5
63,334,2
485,196,4
628,90,2
703,111,3
574,368,5
768,359,1
483,145,1
519,275,1
155,179,5
92,241,4
982,326,5
526,319,5
455,477,1
741,331,5
598,464,1
645,414,4
510,153,3
183,104,1
386,75,2
574,128,3
731,199,4
405,154,3
246,56,1
742,278,4
591,345,2
661,19,1
650,159,1
471,26,4
826,426,4
888,169,3
423,484,2
901,23,3
65,47,3
13,13,1
213,217,4
986,322,1
242,194,2
493,144,3
213,73,2
693,156,4
338,77,4
997,419,5
173,169,2
672,461,1
164,287,2
465,85,3
995,416,4
497,182,4
700,482,2
395,456,2
703,315,2
917,297,3
308,112,3
768,450,1
183,230,2
629,96,1
794,438,5
510,168,3
708,378,4
546,156,5
564,421,4
624,105,5
764,193,1
594,489,1
744,330,3
227,439,4
745,132,5
733,355,2
436,382,2
925,138,3
422,431,4
554,331,2
21,270,3
554,38,3
397,396,4
625,45,2
105,401,2
192,464,2
17,163,1
120,450,2
393,331,5
425,253,1
129,169,1
130,451,1
572,285,1
560,274,3
29,20,5
97,239,4
10,270,2
242,418,1
826,433,4
956,310,3
232,31,4
789,314,1
284,104,5
715,170,4
759,186,1
802,128,1
776,210,2
955,414,2
726,281,5
200,447,2
945,253,5
79,19,3
913,200,3
956,220,2
855,136,3
856,223,4
173,3,4
467,451,4
581,236,3
416,342,4
940,465,5
449,228,1
87,401,2
101,142,5
8,499,4
845,9,1
200,190,2
505,350,5
87,405,2
43,460,3
385,165,4
621,480,5
435,139,5
408,276,1
483,291,1
664,53,1
17,175,2
645,110,4
148,203,2
277,436,4
232,136,5
826,4,2
927,155,2
366,172,2
228,424,3
651,358,4
436,47,4
399,94,2
211,428,3
391,48,2
499,240,4
540,347,5
563,213,3
491,436,3
442,340,2
261,324,5
773,139,4
350,205,1
352,381,4
520,73,4
320,4,5
138,76,3
550,329,4
623,77,3
992,304,5
368,256,5
220,410,2
337,102,1
223,106,5
648,333,5
768,39,3
360,476,5
921,314,4
329,275,2
962,88,2
463,211,4
946,369,5
963,77,1
561,77,5
804,442,2
382,28,1
836,245,3
590,66,3
617,266,5
169,382,5
217,470,1
378,205,1
119,58,5
190,201,2
767,225,3
370,142,1
778,381,2
149,368,5
676,84,4
652,143,1
859,352,4
488,33,2
770,401,3
374,152,2
781,158,3
693,446,2
160,141,1
351,446,1
912,251,4
288,303,2
288,112,2
892,144,4
226,450,5
523,209,2
522,224,2
783,43,2
273,264,5
936,244,1
402,3,4
183,125,5
969,268,3
665,84,3
488,16,5
827,334,5
846,464,1
124,59,3
985,177,4
626,63,2
790,446,2
414,491,1
980,49,1
725,307,3
172,246,4
288,289,4
435,286,5
686,443,1
113,332,2
888,15,2
917,338,3
995,255,2
122,92,4
544,279,4
222,206,1
631,94,3
39,225,2
497,301,1
780,318,5
233,463,5
943,199,2
530,271,2
149,500,2
397,234,4
661,46,2
638,64,5
904,230,2
302,430,3
360,440,5
238,249,3
647,246,5
663,428,1
236,75,5
736,157,5
203,223,3
256,190,3
598,473,5
662,52,5
235,438,4
345,88,1
534,313,1
860,339,2
797,66,5
781,150,5
466,20,5
770,33,5
541,328,1
213,281,3
463,46,4
436,73,3
283,354,3
562,313,1
607,343,4
463,133,5
407,55,1
88,61,1
44,345,4
461,8,2
278,272,1
683,246,3
421,176,3
701,493,5
353,116,1
696,317,5
515,271,1
703,193,4
630,150,1
19,131,2
23,102,3
413,310,4
30,270,3
807,292,5
108,210,4
367,495,2
281,361,3
128,338,1
229,67,1
111,10,1
136,49,4
362,487,2
186,111,2
656,321,2
584,219,3
129,57,4
876,283,1
261,459,3
515,113,2
449,133,1
900,71,4
104,83,5
483,57,2
224,376,2
832,349,2
874,271,2
866,483,1
491,111,4
473,357,3
10,375,1
405,76,4
896,158,3
302,20,2
231,421,4
731,131,2
923,329,4
66,122,5
937,41,2
112,167,2
13,410,2
393,130,1
500,23,3
932,279,2
598,251,2
234,469,1
602,400,1
314,9,5
566,13,4
12,412,2
209,411,4
974,307,1
14,320,1
633,52,5
418,209,3
437,38,1
377,100,2
20,193,5
587,402,3
912,191,5
755,51,1
735,393,3
70,141,4
824,168,3
211,311,2
101,109,4
698,207,4
132,427,2
623,300,4
381,110,1
132,196,3
20,417,3
906,152,2
536,420,1
227,243,4
154,128,3
805,105,3
742,10,3
469,356,3
822,148,5
1000,489,2
871,365,4
405,364,4
202,459,2
38,140,1
942,190,2
772,402,3
188,94,3
57,492,2
941,496,2
20,229,4
273,63,4
119,340,5
583,25,5
516,268,3
221,405,5
526,281,5
515,11,1
728,320,2
741,201,4
336,126,5
698,306,4
55,190,5
500,89,5
900,355,3
888,116,1
766,352,2
536,177,2
162,14,3
670,257,3
594,209,2
915,281,2
159,443,1
188,328,5
60,325,1
915,389,2
817,105,5
319,483,2
878,147,1
211,279,1
406,9,1
664,118,5
109,94,4
76,434,4
542,144,2
314,289,5
998,386,3
117,14,4
927,494,5
868,257,5
704,346,4
19,186,5
432,345,5
685,400,4
740,207,1
350,346,2
183,431,3
113,172,2
183,464,1
481,270,1
146,221,5
831,152,2
628,111,1
113,183,2
763,399,1
476,339,3
763,72,1
303,418,2
971,386,5
825,283,2
118,74,4
813,355,2
161,215,3
401,497,3
198,328,3
260,476,1
660,23,3
752,68,2
47,398,5
987,447,3
399,373,2
710,362,1
559,93,1
78,321,5
124,324,5
75,384,2
871,63,5
137,224,5
602,225,1
400,369,2
837,346,5
505,337,2
500,103,3
573,215,1
138,192,1
50,160,1
771,372,4
973,207,2
619,269,3
625,194,5
862,380,3
254,403,2
630,152,1
710,237,4
849,88,2
877,11,2
563,187,5
757,214,3
915,15,3
426,266,5
547,297,4
302,411,1
922,444,1
581,73,4
349,52,5
832,128,2
933,28,3
980,65,2
49,17,3
917,351,2
74,428,5
704,138,5
261,319,4
356,229,2
582,254,2
602,477,4
260,210,4
638,431,5
743,294,5
295,231,2
931,241,5
641,70,5
792,104,2
313,204,4
612,53,2
838,462,1
809,428,2
182,375,1
686,330,2
828,54,1
364,276,1
188,335,2
569,31,5
543,135,3
596,58,5
664,105,1
985,266,2
548,10,2
725,496,2
926,253,2
408,295,3
876,156,4
618,158,1
414,37,3
342,119,5
220,67,4
903,242,4
163,299,2
951,463,3
220,213,5
270,308,2
632,101,2
906,56,1
848,332,4
400,324,5
182,239,4
991,393,3
618,231,1
729,362,2
205,381,1
582,92,2
556,279,1
841,447,2
813,109,4
228,317,4
696,168,4
619,300,4
596,470,1
850,408,2
250,435,4
875,442,1
441,218,2
533,222,1
196,161,4
690,16,3
929,278,1
987,497,4
519,57,5
70,62,2
639,498,4
399,363,5
978,466,1
672,327,1
760,242,5
203,90,5
148,72,2
472,326,1
655,30,5
944,359,3
199,407,3
917,288,5
426,86,2
666,234,1
492,235,3
888,313,5
896,365,5
142,265,4
313,287,5
165,327,2
314,393,3
21,269,4
82,186,3
581,131,3
131,291,2
599,481,5
730,277,2
933,320,5
984,351,4
305,180,2
915,290,2
371,480,1
857,377,2
853,163,1
384,271,5
908,376,5
445,96,5
425,262,1
161,365,5
178,469,3
629,353,2
708,288,1
895,436,5
490,83,3
327,225,2
598,412,2
289,223,5
593,469,3
664,118,1
573,482,5
573,192,2
354,79,2
28,78,2
954,147,5
43,107,4
681,382,4
423,271,4
598,390,3
177,244,5
529,73,2
610,357,3
966,468,4
494,354,1
198,422,3
610,26,3
577,210,5
842,92,3
853,125,5
517,435,1
514,73,2
22,480,2
112,123,4
57,309,4
66,184,1
842,187,2
98,198,4
144,78,3
880,348,5
435,186,4
637,344,1
679,253,2
86,13,1
588,299,5
344,76,5
936,51,1
294,275,4
956,149,4
571,219,2
650,122,2
611,211,3
704,280,3
243,26,2
831,173,3
561,156,1
960,238,4
32,376,3
391,82,3
277,492,1
532,356,5
154,490,2
383,413,1
68,273,5
878,68,1
884,44,4
214,493,1
655,61,1
376,123,4
744,349,2
213,196,5
79,330,3
726,409,2
628,479,1
604,323,3
782,111,4
923,258,2
381,89,5
680,433,2
58,198,2
796,282,3
26,200,4
881,99,4
447,27,2
66,89,4
921,146,3
760,182,3
254,257,5
899,189,4
968,240,5
44,359,1
97,387,3
554,196,2
227,297,3
774,165,1
679,307,2
436,271,4
791,8,4
601,38,3
379,114,2
178,339,2
427,56,5
915,431,1
709,474,4
307,359,3
779,138,2
504,102,4
268,334,3
586,177,4
8,169,3
920,339,4
508,286,5
476,261,1
297,375,4
164,223,1
485,199,4
597,211,2
72,287,5
567,180,5
905,250,1
559,231,2
911,472,3
944,482,5
238,23,2
104,48,2
210,109,1
554,296,2
828,6,2
468,38,3
454,169,1
268,356,1
386,283,2
775,203,3
848,325,4
387,313,5
877,273,1
259,244,3
283,327,3
626,475,2
875,47,5
40,249,1
486,79,4
929,110,2
220,13,1
129,395,1
520,380,3
613,365,5
928,90,4
892,342,5
688,348,3
619,280,4
613,221,4
260,73,2
990,234,4
966,260,1
366,113,5
758,46,5
787,274,2
544,43,4
649,208,3
524,417,1
907,349,2
814,103,4
887,124,3
16,10,4
129,329,2
575,187,3
109,31,3
887,156,3
533,60,3
670,249,4
269,387,3
162,374,4
260,439,3
924,270,3
102,442,2
506,217,4
735,399,4
571,2,5
247,24,2
640,206,4
795,320,2
837,496,2
537,199,2
131,356,1
353,114,4
196,280,2
793,155,1
916,165,1
930,486,3
666,222,3
382,91,4
645,167,3
227,447,4
701,207,1
476,282,1
477,65,4
265,376,3
372,4,3
486,157,4
434,249,5
646,257,3
211,235,2
572,306,3
940,366,5
377,470,1
395,395,1
450,74,1
943,187,3
364,62,1
876,337,5
457,164,5
725,56,3
728,111,2
226,218,3
982,240,1
131,21,3
588,141,5
476,265,3
798,139,3
986,459,2
277,70,5
156,385,4
760,118,4
218,198,5
190,205,4
417,214,1
981,56,4
675,287,1
692,470,5
546,293,4
41,175,4
307,347,1
943,370,1
338,500,3
314,462,2
75,128,4
953,431,2
279,378,2
176,325,4
896,442,1
662,292,3
273,288,5
837,226,4
620,64,4
651,455,5
862,426,2
783,48,3
859,202,2
931,498,5
289,337,5
724,414,3
893,405,5
272,60,5
930,397,3
66,257,4
483,65,2
936,239,4
248,289,4
156,38,2
47,25,4
935,410,3
454,461,2
201,59,1
660,476,4
124,417,5
1,357,2
968,383,1
759,297,5
855,158,1
640,57,4
191,433,5
579,48,4
516,328,5
442,433,2
921,431,3
815,56,3
806,65,1
143,268,5
191,69,4
533,216,2
227,390,2
313,89,2
629,449,3
949,281,4
302,257,2
654,160,2
996,490,1
460,234,5
401,131,5
551,49,5
393,147,1
867,316,3
764,491,1
845,413,2
207,434,4
210,2,2
115,329,2
737,440,4
646,145,5
251,444,1
219,366,3
407,420,2
443,61,2
603,273,3
354,49,1
888,332,2
558,444,3
550,404,2
142,434,5
612,131,5
501,43,2
840,57,2
702,50,5
547,452,2
659,465,1
542,178,1
846,293,4
507,46,1
596,170,2
881,271,2
281,417,3
424,336,1
856,139,5
270,247,5
154,148,4
614,230,3
727,280,5
662,125,4
944,192,1
83,374,3
622,80,3
947,94,2
899,226,1
426,65,3
275,88,4
713,88,5
284,201,1
980,214,1
173,204,3
327,401,3
718,382,3
63,89,4
73,476,2
763,61,3
636,271,2
375,94,2
633,307,1
508,27,5
787,214,5
943,74,4
398,61,4
120,186,5
934,31,5
437,219,1
829,12,1
676,302,5
936,415,3
465,32,3
286,160,1
265,489,2
320,237,5
673,227,4
376,181,3
820,317,2
89,46,3
654,341,2
203,458,5
821,80,5
739,135,5
955,260,1
334,475,2
222,308,4
41,247,4
708,473,5
68,159,4
988,203,3
776,112,2
514,468,2
873,292,2
637,438,3
622,310,1
598,119,3
937,383,2
632,17,2
127,493,2
255,331,4
695,414,1
16,227,3
477,361,2
62,486,5
881,406,1
432,117,5
670,43,1
268,368,2
35,115,1
779,283,1
576,37,2
494,302,5
562,113,5
469,35,4
767,132,5
661,336,5
325,336,1
304,469,4
276,410,2
869,377,2
963,228,3
684,147,4
929,122,1
201,81,3
445,173,3
905,154,2
324,150,5
35,375,1
977,58,4
482,63,3
728,156,1
480,449,2
65,428,3
8,356,3
301,427,2
343,421,2
431,322,2
424,401,1
332,168,1
438,166,1
588,85,5
174,445,3
559,137,1
527,461,5
873,459,3
659,189,1
26,464,2
820,400,4
605,379,1
406,2,4
232,106,1
533,364,2
819,72,4
550,427,5
788,126,2
505,170,4
669,205,4
179,313,2
132,337,2
823,487,2
455,472,3
348,195,5
540,158,1
772,500,4
406,141,1
76,275,2
941,7,5
579,393,5
854,467,3
492,493,2
194,54,4
984,104,3
162,342,2
347,338,3
951,61,1
361,87,2
769,258,4
584,178,4
87,242,2
934,203,3
262,31,5
214,289,2
665,462,4
722,80,1
913,11,4
573,417,5
780,254,4
262,384,5
730,391,2
283,384,4
648,287,3
467,176,3
380,126,4
362,494,4
449,47,1
441,206,4
93,476,1
621,437,1
753,107,1
867,464,1
424,275,2
142,337,3
291,123,1
432,474,3
749,134,1
852,107,3
824,305,4
689,329,4
653,50,3
701,337,1
998,95,2
49,268,3
302,23,5
881,54,2
190,374,5
136,254,3
555,453,1
404,235,5
892,484,3
865,59,2
602,164,1
807,259,5
341,314,3
757,216,1
945,183,1
704,57,4
318,145,1
618,423,3
363,90,2
822,452,4
382,311,3
233,45,3
777,460,3
344,257,5
549,21,5
817,467,2
553,21,3
529,52,5
856,338,5
789,171,5
819,436,2
571,67,2
935,113,3
183,300,4
41,160,3
551,266,5
397,320,5
704,232,1
779,463,3
494,325,5
659,68,5
907,28,4
333,437,1
127,116,3
558,51,2
557,181,3
1,260,3
168,79,4
620,273,3
19,108,4
332,451,4
584,74,5
456,175,2
957,490,4
109,184,1
268,23,1
445,274,2
240,129,4
929,291,2
301,320,5
602,186,1
103,479,3
988,59,1
250,492,4
453,1,2
520,131,1
153,67,3
859,293,3
174,467,2
343,285,2
670,89,1
431,417,4
727,100,5
689,189,3
687,477,2
852,378,5
850,346,5
658,388,5
962,241,4
324,270,2
990,498,3
673,219,2
639,417,1
420,406,3
594,176,2
485,387,3
659,471,1
751,341,3
412,233,5
936,151,4
84,452,1
113,277,3
737,229,1
332,171,5
378,223,4
755,213,1
655,282,5
41,41,5
935,122,5
770,227,3
959,294,2
797,88,1
105,267,2
202,489,5
450,29,2
819,495,5
843,247,5
973,316,4
266,451,4
910,449,2
210,244,1
563,61,2
118,147,1
713,174,2
377,433,3
551,278,3
540,334,1
771,369,4
84,441,1
454,379,2
667,142,5
629,44,3
514,144,5
605,353,3
678,333,2
387,486,3
912,497,1
350,396,5
296,55,5
258,307,2
81,358,5
937,423,2
268,417,4
419,161,1
235,285,3
833,325,3
311,198,3
813,159,4
975,80,1
986,31,5
357,473,5
213,112,1
574,46,1
49,353,3
127,205,5
223,52,1
921,138,5
279,472,1
408,74,2
505,41,3
294,479,1
796,77,4
277,387,1
438,187,2
107,370,4
658,52,4
420,418,1
611,433,2
429,412,4
375,467,3
73,87,3
949,109,5
998,480,5
634,397,2
30,225,4
188,482,3
364,481,3
866,248,2
800,69,4
451,120,2
195,67,1
156,61,3
172,444,2
847,327,2
41,408,1
63,191,5
23,470,3
360,493,2
75,189,3
560,151,5
672,286,2
825,444,1
118,402,3
612,96,1
380,312,5
929,309,5
920,263,3
679,97,5
290,453,4
440,113,3
668,476,4
933,125,5
7,456,3
196,463,4
421,436,5
568,132,2
833,418,2
193,453,1
559,417,2
148,121,4
787,197,2
669,294,3
202,482,3
444,122,3
914,282,2
988,385,2
419,260,1
427,39,5
479,54,1
475,474,4
126,161,3
395,289,2
817,200,5
881,276,5
806,16,2
576,405,1
325,173,5
392,248,1
930,383,2
688,218,1
628,87,3
440,82,2
204,62,2
486,287,5
833,500,5
31,42,5
388,12,3
625,321,3
877,234,4
434,329,2
837,131,5
926,115,2
376,218,1
344,137,3
443,106,4
579,179,1
75,16,2
557,472,3
772,242,5
666,334,1
155,381,3
430,387,2
363,226,2
448,481,1
987,242,1
234,408,1
563,457,4
818,141,5
262,386,3
827,199,2
125,112,2
911,127,5
245,21,1
542,147,1
938,89,2
485,303,5
122,406,2
125,203,1
549,417,3
170,416,1
124,448,3
869,85,4
35,167,5
87,384,4
646,468,1
708,72,5
786,298,1
201,485,5
369,9,5
797,281,1
77,473,1
59,481,5
431,258,5
638,275,1
500,238,1
913,20,2
109,490,2
736,233,2
278,490,4
68,221,5
69,326,3
165,17,4
489,380,5
305,89,3
909,486,2
674,196,3
365,350,1
854,84,1
821,387,5
379,87,4
343,307,2
947,338,5
899,154,2
554,440,1
354,228,4
416,448,4
109,264,1
563,465,3
762,223,4
497,421,3
341,493,2
942,121,4
383,481,1
533,411,3
300,173,2
139,4,2
359,342,4
836,128,4
499,474,5
385,480,5
604,472,4
959,110,5
280,355,1
637,37,1
483,480,5
909,71,4
111,289,1
866,31,2
139,439,4
996,381,3
435,268,3
509,11,4
273,344,5
99,328,1
764,32,1
850,57,4
104,166,2
214,188,5
761,342,2
664,482,4
762,19,4
787,116,2
165,468,3
999,184,4
853,270,5
520,33,2
284,10,3
517,80,2
657,192,3
613,320,3
164,190,5
886,68,4
659,475,3
64,348,4
91,125,5
117,427,4
866,336,1
267,59,3
822,436,5
685,97,2
559,496,5
140,275,3
246,149,5
661,278,2
758,265,1
395,9,3
487,457,3
476,283,5
517,273,4
977,428,4
184,301,2
20,8,1
937,208,1
558,402,5
524,125,5
582,123,4
529,33,1
883,1,1
147,204,1
666,6,2
304,297,2
620,439,5
748,5,4
820,443,3
864,80,4
582,274,2
695,177,2
762,338,5
228,321,3
102,339,1
587,438,3
417,445,3
958,136,3
216,387,5
407,25,2
399,325,1
923,183,3
715,168,1
704,467,3
761,338,2
499,178,1
754,373,4
465,95,2
691,33,1
949,111,3
974,146,3
731,381,2
82,441,2
604,231,3
947,272,1
687,336,4
751,495,5
772,38,2
903,425,3
365,135,1
163,334,2
48,235,1
511,437,2
329,319,3
840,368,1
116,345,3
941,160,1
849,38,2
337,150,5
881,400,5
737,308,4
864,29,4
840,144,3
147,76,1
575,145,4
806,229,2
323,64,5
443,347,1
837,345,5
13,269,1
943,328,4
494,184,4
701,261,3
287,268,1
720,169,2
114,259,4
480,227,3
22,33,4
349,377,5
726,214,4
683,50,1
835,440,3
566,492,1
906,393,2
810,489,2
320,210,4
126,434,3
277,29,3
976,39,3
204,347,3
194,100,4
681,173,1
664,17,4
547,56,1
696,226,5
286,46,5
57,67,1
734,197,4
303,142,2
163,323,4
19,23,2
370,487,4
264,94,3
794,242,3
113,237,5
488,445,5
327,407,1
542,411,2
647,54,3
579,138,4
65,473,1
292,333,4
25,272,3
549,41,3
1,98,3
911,183,3
549,128,4
141,229,1
744,317,3
648,86,5
901,256,1
188,209,5
128,215,4
201,374,3
127,100,1
257,49,3
676,201,3
547,436,1
194,258,3
703,480,3
104,376,2
535,178,2
265,245,1
802,123,1
942,342,3
974,171,5
384,333,1
260,136,3
414,59,5
991,193,2
358,465,1
75,268,3
355,260,2
584,373,4
771,461,2
910,95,3
188,125,5
973,41,4
685,379,4
992,254,4
290,7,1
45,471,3
573,216,4
83,69,2
123,69,5
358,81,3
528,30,2
66,73,1
936,262,4
657,89,2
375,403,3
162,208,2
746,213,1
380,322,5
656,266,4
358,400,3
188,293,4
322,207,4
450,333,4
474,77,2
13,288,2
184,493,5
111,47,1
927,110,3
508,200,2
290,427,4
295,210,1
451,376,3
904,420,3
215,154,3
974,10,3
632,415,5
894,353,3
567,157,1
27,261,2
630,77,1
733,257,4
231,471,5
565,488,5
807,131,4
321,67,1
913,455,1
233,228,4
670,163,3
437,15,3
781,232,2
533,195,1
403,349,1
53,30,4
787,359,4
313,338,3
281,331,1
726,427,1
31,497,5
337,316,2
183,486,2
23,296,3
544,449,1
446,413,5
74,330,1
10,220,4
484,377,3
456,479,2
566,147,1
564,259,3
660,292,2
160,299,1
882,143,5
14,481,3
178,425,1
412,235,2
878,115,2
53,365,5
408,90,3
847,208,3
22,164,1
30,481,2
703,84,2
260,77,5
205,161,5
59,5,3
471,485,2
776,78,1
466,91,4
12,87,1
631,270,5
927,104,1
974,452,2
290,487,3
850,500,4
760,339,3
354,175,4
639,54,4
75,388,2
873,478,2
716,211,5
561,95,5
591,223,4
441,9,5
991,53,2
241,77,5
861,206,4
154,316,3
786,302,1
96,310,5
726,330,2
294,112,3
209,351,2
343,165,5
88,279,4
818,27,1
776,70,1
937,218,3
390,450,1
325,365,4
940,189,2
889,333,4
832,435,3
157,306,3
668,124,1
651,19,4
633,257,2
577,296,4
619,416,2
659,22,2
137,368,4
923,477,5
674,450,4
428,40,2
452,38,3
612,48,3
850,183,1
911,75,3
819,209,5
141,183,2
83,435,4
177,107,4
198,188,5
624,264,3
568,86,2
972,324,3
691,331,1
421,456,3
401,137,1
698,346,4
471,386,2
218,336,1
925,95,3
929,326,3
828,245,4
987,469,5
729,90,5
632,59,3
951,403,5
906,28,2
175,72,5
23,270,2
725,24,3
917,112,3
235,300,3
13,485,4
101,56,5
929,474,1
536,223,1
876,120,3
523,179,5
785,288,2
452,434,1
431,425,3
793,450,1
606,281,1
713,372,1
533,492,3
852,189,3
979,66,4
723,298,4
652,449,4
293,420,1
810,249,5
913,76,3
101,137,4
502,164,5
304,233,4
871,255,4
540,476,5
553,294,4
355,417,1
303,170,1
496,317,1
658,174,2
768,470,4
974,345,2
227,445,3
236,18,5
873,70,3
892,338,2
455,116,1
13,80,4
210,15,4
741,176,1
397,456,4
100,269,5
31,119,5
898,299,5
528,188,3
649,57,1
329,199,5
166,17,2
459,434,5
822,288,3
952,406,2
982,55,1
993,499,1
100,441,5
621,269,2
855,303,2
173,87,5
749,318,5
162,438,4
905,29,4
728,22,5
776,321,3
263,285,4
804,48,5
274,5,2
3,250,4
28,163,3
326,202,1
940,467,2
149,101,3
540,71,3
488,430,3
822,163,2
438,173,3
65,141,1
356,138,4
533,66,2
252,198,3
235,328,5
227,228,4
525,281,2
313,172,5
49,316,5
118,431,3
54,40,2
650,7,3
565,174,1
44,151,5
815,211,1
53,302,3
586,86,4
558,397,5
525,253,4
677,21,2
102,257,5
792,379,1
770,403,4
982,381,2
849,444,5
868,33,2
398,260,1
138,234,5
675,3,2
921,347,3
387,308,5
111,489,5
614,227,5
17,284,5
780,70,3
182,454,1
884,439,3
536,313,3
541,364,2
171,471,4
409,254,4
740,481,2
378,144,3
188,24,2
858,453,5
230,425,2
833,234,2
852,333,5
119,175,4
156,332,5
784,325,1
687,357,2
465,159,2
104,348,4
604,348,3
698,286,5
972,18,3
795,44,1
502,155,5
693,355,1
682,410,1
699,377,1
175,231,5
734,497,5
745,371,4
674,316,2
421,402,3
134,225,3
391,217,1
992,56,5
736,31,5
501,357,1
665,59,2
33,380,3
55,386,4
954,353,2
519,423,5
756,445,1
825,235,3
638,107,1
12,191,5
528,480,1
720,18,3
555,401,1
373,226,3
484,167,1
973,71,1
647,362,3
228,54,1
623,245,2
307,483,4
457,350,2
160,76,4
331,35,2
776,267,4
225,317,1
983,300,3
729,121,3
504,324,5
456,25,4
45,432,5
214,160,5
59,84,4
644,114,3
616,223,4
195,388,1
925,166,5
489,191,5
157,175,4
610,1,5
226,387,3
412,229,5
205,86,4
79,62,3
124,320,3
471,401,5
940,382,4
218,206,5
516,105,1
602,318,1
104,291,3
393,250,5
631,13,1
645,163,2
824,43,1
608,386,5
980,440,5
434,111,1
331,205,5
143,384,5
800,256,2
540,307,3
278,438,5
233,144,4
529,146,3
571,391,3
90,301,4
492,164,1
199,169,2
362,478,5
441,298,1
26,233,4
25,391,2
394,271,2
507,60,2
301,296,4
339,467,1
267,235,5
461,165,2
693,194,2
456,234,1
360,368,2
68,183,2
863,333,4
412,232,3
971,361,1
491,491,1
833,107,1
49,378,4
687,223,4
564,80,5
102,234,4
216,381,1
438,184,5
700,428,3
569,185,2
559,134,2
159,220,5
489,288,3
686,364,2
242,202,5
794,370,4
753,146,1
882,324,3
5,127,2
596,457,1
820,135,5
361,114,2
459,264,1
248,64,4
566,491,3
673,135,5
946,41,2
422,296,4
923,3,3
738,401,3
15,194,4
736,463,2
573,110,3
122,221,5
277,370,1
558,368,5
453,436,3
390,406,1
294,4,4
574,244,1
598,390,1
446,166,1
210,26,3
590,395,2
714,474,3
302,17,2
909,216,4
223,92,4
734,483,4
3,31,4
990,205,4
518,419,5
93,400,3
520,207,2
428,107,4
493,146,5
235,367,5
620,101,5
161,368,3
721,318,4
752,368,5
331,241,5
333,489,4
50,411,3
523,247,5
863,163,2
668,372,1
492,173,1
582,35,1
681,284,3
272,359,5
580,381,1
867,358,1
252,393,4
560,460,5
696,399,5
832,21,4
699,308,5
90,163,2
446,490,3
332,97,4
139,307,1
357,339,5
601,55,2
274,471,2
19,333,3
983,127,2
311,428,5
870,193,5
886,243,2
978,349,5
154,88,5
390,336,1
260,409,4
620,215,5
883,92,5
797,303,3
571,464,4
125,235,4
354,184,4
273,38,2
619,139,1
811,195,1
245,15,3
848,257,4
450,135,4
930,1,5
247,49,2
520,96,2
141,201,3
362,413,1
8,26,4
478,343,3
352,429,2
996,235,2
495,349,2
606,244,4
833,358,4
427,481,4
39,327,5
593,396,1
187,351,2
596,416,2
600,374,5
754,404,2
854,375,2
93,51,4
86,81,4
44,36,1
137,67,2
421,129,3
74,370,2
548,155,2
613,245,1
988,111,3
512,168,2
156,481,3
938,468,4
255,142,4
171,356,3
981,197,2
728,471,3
170,109,3
764,376,4
872,79,3
322,390,5
567,161,5
456,439,4
944,19,2
603,127,2
790,205,4
613,29,2
155,445,1
889,454,5
349,207,1
451,464,1
876,280,1
653,151,4
173,240,1
10,266,3
740,182,2
265,105,4
438,425,3
760,433,3
247,401,5
667,497,5
546,440,3
499,236,5
129,173,2
672,158,2
601,172,5
605,494,1
327,458,3
753,311,2
835,403,5
980,157,5
404,258,2
629,164,2
606,147,1
675,391,5
611,154,5
625,463,4
359,367,1
603,38,2
858,131,2
718,358,3
17,255,2
274,208,5
685,450,2
116,95,5
861,348,5
980,327,1
693,478,2
91,171,1
82,250,5
324,190,2
961,199,2
114,484,1
769,221,1
58,24,5
154,244,5
877,423,2
404,324,2
628,128,4
855,93,4
266,300,3
315,133,5
715,55,3
41,477,3
105,158,1
901,29,1
890,410,4
193,211,3
401,154,4
278,293,5
354,475,2
749,222,1
937,115,5
733,437,5
580,158,1
709,259,1
256,251,3
651,122,4
824,299,5
947,263,3
661,381,3
99,49,5
588,377,5
282,329,2
883,297,4
403,362,5
109,77,1
700,463,2
199,438,4
303,127,1
327,197,1
154,221,4
552,483,2
645,91,1
405,411,3
462,8,4
132,32,4
791,468,5
874,320,2
84,394,3
399,269,3
754,191,5
628,349,1
109,163,1
221,61,3
904,438,2
553,264,1
368,285,4
147,95,5
112,41,2
615,414,1
558,470,3
924,149,5
494,204,1
505,267,3
475,2,1
836,178,5
890,425,4
271,194,4
995,482,3
421,387,4
897,336,5
707,435,3
367,196,1
280,343,2
283,249,1
40,498,5
959,212,3
189,153,1
164,158,3
994,466,4
989,362,2
536,139,5
536,221,1
4,273,2
835,154,5
290,249,5
953,279,4
433,440,3
471,436,3
181,304,2
248,276,4
628,493,5
279,2,4
877,88,4
581,287,2
863,411,3
254,130,4
181,78,4
830,260,4
681,241,1
825,141,4
509,228,4
761,163,5
700,236,1
566,128,4
326,200,4
357,450,2
825,390,2
650,31,1
680,138,5
391,492,1
615,21,1
934,234,2
85,202,2
317,279,5
212,131,4
515,416,5
384,148,4
691,458,3
342,29,2
815,361,3
964,308,3
988,371,2
844,430,3
38,162,1
511,357,4
420,340,5
751,61,2
169,125,1
965,456,5
909,71,5
343,326,5
826,395,3
306,364,3
542,466,3
702,243,3
869,490,1
537,249,3
112,221,2
411,473,5
947,447,1
206,21,3
185,494,5
382,387,1
496,82,5
379,344,1
47,367,4
886,486,1
740,10,3
551,411,5
528,12,5
504,263,5
22,145,2
213,449,2
310,192,3
661,250,4
968,114,2
753,26,1
272,271,3
571,499,4
799,33,1
938,62,5
202,229,2
32,303,1
443,95,4
162,35,3
767,193,1
254,456,3
521,76,5
977,379,4
651,249,4
480,83,2
10,25,4
726,57,1
505,32,1
785,319,1
836,12,5
560,319,4
436,333,4
111,92,1
153,1,2
635,435,2
917,326,4
869,136,4
102,196,3
753,133,4
833,473,1
191,86,5
729,476,4
563,295,4
804,279,1
81,324,3
489,180,4
895,4,2
88,126,2
194,175,2
104,251,5
783,21,5
96,485,4
423,440,4
891,105,4
198,66,5
1,443,4
407,263,1
378,49,3
167,16,2
509,145,2
638,340,1
313,250,4
593,343,5
418,354,4
763,75,4
681,290,2
477,417,2
73,282,5
141,66,2
582,125,4
262,319,1
340,87,5
308,41,1
245,470,4
515,186,5
337,354,1
575,380,5
561,335,4
76,266,5
880,271,4
175,42,5
109,93,5
183,185,2
192,215,4
65,17,3
849,444,5
963,265,1
474,114,2
783,292,2
100,457,5
544,464,3
864,292,2
128,48,4
452,307,5
914,97,5
369,375,3
851,95,4
43,326,4
884,74,3
419,336,1
488,68,4
78,246,1
826,406,1
801,77,5
270,208,5
674,372,2
701,254,5
759,221,4
900,262,4
728,410,1
315,331,4
925,344,5
851,477,5
902,259,5
889,308,3
993,74,4
945,125,2
168,188,4
339,254,4
193,447,3
453,321,4
283,308,1
336,235,5
390,474,5
1000,250,3
525,332,5
240,398,1
832,345,3
958,72,2
483,235,5
659,324,4
716,156,1
592,455,1
891,394,5
555,115,2
458,313,4
89,228,2
660,322,2
95,346,5
452,245,4
428,306,5
151,14,5
514,16,1
376,438,5
22,427,3
883,42,4
313,465,1
997,110,4
840,278,1
519,324,3
206,19,5
952,66,1
375,167,1
451,73,1
626,403,3
784,400,4
595,310,3
179,409,1
210,112,1
500,274,5
464,407,3
840,373,3
124,85,2
993,139,4
113,39,2
12,105,2
126,324,4
565,281,5
331,447,5
901,480,4
283,414,4
140,429,3
401,123,3
902,218,3
97,377,3
517,61,1
569,100,1
924,307,5
846,354,1
69,393,1
118,204,3
888,258,3
59,486,4
33,5,3
318,446,4
50,197,4
880,180,1
489,342,3
19,133,1
726,443,3
197,324,1
891,253,1
450,265,1
990,93,5
559,150,1
679,411,2
452,138,2
289,208,2
141,490,4
84,125,1
694,234,2
391,61,4
591,307,2
215,266,3
526,134,5
215,318,1
403,113,5
128,389,5
822,378,3
477,454,3
760,191,3
404,379,4
29,440,2
792,187,1
338,319,3
831,367,1
714,89,1
361,187,1
569,307,3
392,434,3
218,132,2
574,360,3
669,123,3
202,48,1
17,288,2
322,376,5
518,179,3
570,180,3
325,99,5
412,330,1
318,34,2
681,420,1
965,70,4
82,171,3
474,366,4
468,272,3
425,59,4
945,181,5
731,19,3
689,226,3
204,473,4
583,95,2
387,369,4
778,297,3
98,81,3
345,175,2
803,222,1
208,103,2
514,54,1
636,183,3
792,351,5
586,403,5
166,318,4
22,355,2
154,349,2
939,443,5
439,321,1
295,68,2
219,28,1
669,274,1
495,282,1
230,360,1
20,403,4
987,311,4
553,119,5
950,380,4
148,441,2
108,134,4
403,129,2
596,8,2
483,481,1
367,51,5
834,491,1
414,341,1
309,472,4
802,281,4
918,175,2
835,183,4
134,192,4
719,249,3
283,235,2
778,83,2
73,93,3
481,373,2
352,394,5
560,312,5
326,268,3
745,417,4
443,120,5
100,71,3
59,17,5
508,253,1
258,445,3
413,122,2
452,380,5
65,10,2
595,287,3
154,316,5
985,326,2
266,273,4
821,306,4
79,293,1
315,210,3
662,446,2
947,218,1
560,241,3
917,374,4
891,464,2
248,200,5
790,216,4
868,205,5
610,413,5
414,416,2
25,216,2
284,80,5
449,267,1
881,480,5
301,390,5
68,379,2
7,35,3
817,289,4
137,18,2
164,165,1
83,13,4
897,202,2
650,229,2
420,346,3
73,366,1
237,465,1
46,448,2
618,1,3
928,319,2
800,217,5
262,34,5
176,359,3
166,266,2
657,128,3
842,212,2
370,263,2
795,312,5
54,80,4
690,165,1
419,413,1
756,252,3
507,12,1
341,401,5
127,304,4
409,212,2
924,282,2
367,112,5
271,211,1
644,378,2
605,239,1
379,268,5
73,405,2
923,298,3
922,317,4
915,58,1
248,438,1
860,34,1
785,263,1
43,365,5
377,35,5
41,271,5
170,449,5
946,474,2
212,227,5
493,25,2
680,234,3
39,59,5
369,251,3
757,335,5
151,86,3
111,251,4
480,390,3
436,180,2
47,207,1
575,344,3
737,149,1
366,71,4
69,121,4
299,253,2
944,93,2
802,256,3
296,254,5
203,352,4
61,288,1
946,309,5
963,59,4
830,69,3
314,446,4
161,388,2
331,86,1
528,274,1
338,227,2
606,81,5
304,498,2
503,114,1
650,184,3
338,280,5
550,322,4
639,397,3
275,318,5
164,54,1
443,399,1
319,197,3
589,387,5
504,293,4
686,293,4
387,485,2
970,387,3
870,447,5
833,291,3
888,180,4
603,471,5
750,380,1
776,412,1
691,222,5
494,274,3
490,378,3
721,244,1
73,420,1
509,417,4
390,448,5
619,154,3
857,304,4
295,424,3
369,273,1
956,424,5
796,135,2
865,313,5
694,8,2
549,128,4
649,373,2
850,56,2
568,126,4
187,159,5
853,59,4
770,58,1
445,140,1
570,176,2
363,415,4
123,108,4
188,211,4
742,447,5
680,74,3
420,167,3
626,460,3
252,404,5
619,357,4
549,304,3
335,233,4
92,327,2
530,372,3
866,182,2
63,122,5
662,334,1
512,203,5
139,455,5
698,29,5
185,202,3
205,93,2
772,329,3
214,356,1
256,176,5
135,330,4
573,211,1
875,184,2
822,95,1
88,273,3
836,137,4
988,237,3
207,353,5
129,418,5
823,429,1
3,472,5
974,265,5
934,135,2
754,144,2
121,19,3
385,231,3
614,134,2
38,114,1
341,499,2
925,139,3
645,125,4
714,204,5
860,61,4
21,250,4
242,298,5
455,13,2
963,396,1
621,255,4
303,85,1
596,458,3
595,20,4
803,50,3
964,164,2
69,92,4
129,88,3
196,69,3
140,37,2
444,253,1
283,252,1
312,140,4
746,355,2
535,381,4
665,168,1
277,54,2
61,386,5
319,178,2
890,297,2
52,301,5
856,359,3
153,106,3
749,137,3
311,190,1
814,128,2
544,342,5
567,47,1
864,5,5
389,460,1
548,257,1
622,300,1
177,150,5
362,294,4
314,243,1
807,275,3
848,208,2
97,415,4
881,115,4
213,195,5
829,343,4
137,170,5
6,379,5
109,82,3
547,154,1
39,141,4
662,314,1
425,146,1
630,323,1
261,122,5
426,252,1
87,343,4
465,387,5
76,311,4
471,89,5
976,475,2
963,58,2
414,492,2
825,63,2
895,347,5
726,308,1
457,487,3
285,473,3
239,382,2
677,280,1
599,72,4
653,9,1
672,366,4
558,421,3
372,94,1
495,373,1
624,339,3
919,437,1
45,336,4
401,152,1
247,492,4
616,405,2
597,356,1
450,40,4
485,359,3
646,495,2
620,62,1
18,254,4
606,454,1
662,69,4
758,398,1
289,245,2
414,365,2
721,170,1
638,178,1
235,189,5
416,260,1
938,72,1
499,472,2
974,459,1
634,17,3
650,370,1
115,341,5
932,57,4
674,218,2
713,107,3
234,304,4
540,428,3
11,173,2
206,219,5
679,464,2
247,247,3
559,218,3
758,373,2
127,417,1
147,31,2
118,368,5
911,47,2
382,134,4
412,108,1
664,72,4
584,327,2
363,418,1
509,108,4
137,309,4
175,398,1
289,272,1
958,171,3
481,116,1
19,329,2
195,74,5
330,256,3
936,81,1
175,268,5
449,128,3
925,326,2
946,403,5
354,235,1
499,41,1
141,181,2
758,157,3
897,454,5
930,59,2
93,345,3
944,249,4
239,192,4
205,24,3
560,473,1
433,400,1
245,436,4
832,80,1
317,134,1
925,421,3
295,213,3
640,388,1
856,482,3
282,348,5
17,166,4
71,425,5
269,348,5
325,337,1
794,398,1
305,71,5
451,214,5
7,435,2
314,65,2
817,221,4
103,308,5
821,479,3
193,286,2
753,185,1
574,207,5
529,466,3
171,99,3
537,242,3
251,158,1
765,98,2
387,42,3
207,139,2
541,283,4
629,408,1
416,227,2
794,423,2
380,72,3
144,243,3
25,18,1
822,77,2
668,45,5
73,472,3
632,371,3
824,343,4
833,140,1
93,177,2
505,222,2
598,415,2
336,92,3
425,22,1
499,172,2
364,92,5
947,192,4
630,77,4
745,281,2
199,364,3
718,179,4
413,238,4
339,135,4
659,365,4
962,390,2
937,280,1
429,19,1
783,83,3
899,228,5
139,371,1
693,265,5
942,112,1
542,251,1
57,164,3
232,358,4
658,168,3
435,221,1
384,408,4
560,304,4
194,191,4
736,325,5
648,437,1
534,438,2
518,170,3
716,375,5
751,45,3
185,381,2
872,474,4
292,14,2
335,231,3
732,157,2
116,500,1
825,134,2
49,391,1
685,37,2
82,53,1
834,18,1
333,471,2
557,492,5
335,38,4
532,187,4
960,385,4
221,196,1
635,243,4
746,300,1
733,303,5
323,35,2
851,215,2
3,219,1
694,316,1
206,90,5
832,308,4
40,252,5
59,8,2
951,256,2
574,363,4
644,208,2
507,425,1
572,131,2
884,224,3
843,197,4
122,468,4
479,142,4
619,252,3
96,96,5
859,26,1
414,111,4
235,454,2
898,123,1
62,186,2
256,484,1
561,168,1
905,51,2
348,379,2
671,5,1
124,77,4
482,160,2
317,208,3
504,257,3
719,205,1
48,255,5
409,438,1
932,11,1
136,437,4
201,8,4
250,409,5
314,424,5
869,32,5
368,472,5
429,28,5
830,206,1
807,493,1
480,387,3
314,228,3
500,128,2
721,255,1
355,475,5
485,212,2
211,239,4
704,207,1
44,318,3
541,283,1
571,245,1
583,45,1
92,105,1
265,348,4
895,281,3
220,234,1
902,189,4
925,44,2
442,494,1
401,225,4
400,430,5
727,142,2
991,136,3
899,176,1
789,142,1
576,449,4
858,80,3
804,82,5
490,135,2
485,207,3
757,344,1
470,177,4
574,383,5
938,243,4
844,55,2
682,141,3
445,457,4
269,440,4
267,56,1
54,15,4
528,185,5
520,314,3
616,419,2
59,88,4
825,97,5
40,144,2
237,8,5
955,477,4
386,215,4
606,173,3
734,223,1
716,40,5
650,497,1
300,182,1
395,270,2
207,187,2
336,245,5
593,478,1
730,309,3
514,231,1
178,383,2
396,155,1
371,175,4
858,336,4
791,115,3
658,390,5
318,311,1
736,481,4
369,300,5
384,18,4
62,272,5
806,12,5
505,404,4
239,301,2
195,192,5
678,232,1
963,443,4
222,93,2
61,478,4
129,218,3
990,278,1
685,353,3
992,487,5
156,303,5
917,29,3
378,470,3
622,301,5
781,77,2
923,9,1
868,24,4
903,15,3
790,164,1
586,13,4
999,347,4
437,172,3
975,357,2
207,327,2
388,200,1
480,485,1
791,489,5
887,462,2
838,378,1
984,76,5
340,164,4
869,372,1
340,61,5
204,488,2
161,465,4
540,424,1
392,245,2
769,477,4
677,382,3
575,155,2
534,257,3
70,244,1
893,162,5
405,68,1
608,344,2
675,277,3
591,161,3
517,391,4
828,449,1
120,489,1
814,259,2
690,492,3
688,307,2
902,335,2
217,95,3
56,438,2
366,464,3
699,458,2
504,246,5
744,221,2
767,123,2
925,187,5
455,262,1
104,413,3
77,273,4
230,373,5
914,60,1
258,406,2
264,408,1
331,125,5
993,337,2
182,341,1
893,51,4
768,178,3
550,139,3
688,440,5
27,327,2
276,170,2
652,39,3
299,69,1
957,236,2
799,48,4
91,381,4
480,57,2
573,277,2
458,338,3
451,99,5
365,404,3
859,15,5
675,325,4
351,461,5
655,179,3
400,332,2
253,62,5
781,119,3
881,469,4
803,37,5
459,134,4
699,455,4
917,26,1
499,490,5
950,496,3
971,8,5
926,457,5
508,475,4
304,4,4
501,21,4
803,415,4
598,149,3
166,488,2
415,25,1
462,487,4
920,143,4
114,245,1
433,419,4
992,433,2
356,43,5
928,425,1
695,293,3
207,185,1
768,42,2
235,431,3
442,92,5
355,317,4
515,398,1
208,324,3
709,53,1
853,84,5
125,34,1
138,76,3
339,353,2
537,408,3
68,404,1
573,197,5
541,486,4
383,286,4
19,88,5
683,235,1
450,232,5
74,7,1
573,292,3
939,38,2
665,464,1
276,52,4
48,143,4
211,430,2
855,407,1
920,396,2
651,221,3
622,428,2
994,240,3
695,143,4
540,349,3
709,493,1
191,363,1
315,382,1
901,49,1
563,277,5
661,271,3
780,14,1
562,298,2
900,492,2
758,464,5
113,15,3
170,234,3
468,63,3
678,196,5
921,27,3
14,471,3
715,93,1
288,105,3
907,309,1
189,52,1
914,319,3
155,457,2
567,181,4
694,57,2
722,120,3
888,308,3
471,363,2
75,43,3
277,135,1
940,373,5
645,426,3
343,260,3
425,197,2
571,133,1
511,459,2
857,255,2
182,489,3
458,220,1
918,336,3
851,41,3
833,478,3
64,388,3
839,255,5
260,2,4
193,494,1
655,195,5
616,242,4
972,149,4
406,198,4
726,299,5
754,245,1
943,338,2
721,108,4
93,453,2
430,393,2
654,212,3
434,156,2
404,26,3
434,82,1
112,83,1
929,131,3
375,329,1
59,100,4
43,256,1
207,479,3
780,49,4
296,401,2
118,63,2
532,311,2
222,407,3
166,290,2
643,105,1
156,105,2
184,325,5
90,15,5
94,175,2
13,259,2
973,211,5
834,412,2
805,259,4
945,102,5
742,260,3
834,344,5
804,159,1
438,45,4
538,443,3
587,301,2
968,251,1
876,331,1
936,165,4
811,193,3
150,9,1
660,401,3
8,374,3
29,65,1
296,387,3
986,495,4
926,282,1
721,181,4
640,415,4
340,282,3
628,279,3
439,30,1
144,266,2
942,328,1
830,492,4
747,217,3
519,320,4
976,406,5
45,399,5
955,379,4
239,105,2
952,184,2
944,330,1
155,148,1
181,105,1
215,47,3
88,87,2
256,309,4
511,437,5
73,129,2
931,258,2
179,314,2
212,147,1
805,446,3
234,462,4
465,72,1
751,486,3
223,140,2
631,410,3
825,27,1
264,29,2
207,271,1
607,174,4
885,253,2
734,385,3
366,60,1
276,107,5
380,220,3
743,441,3
309,259,2
631,371,3
268,146,1
945,52,5
785,60,4
64,34,5
810,96,1
350,477,2
925,89,1
915,316,3
494,410,2
523,231,4
98,456,4
946,275,1
71,246,3
364,111,4
570,234,5
802,278,2
763,477,5
276,417,4
50,166,4
358,128,1
728,237,1
906,494,2
928,291,1
564,107,3
783,128,2
485,195,3
84,339,1
899,394,2
805,475,4
638,143,5
808,395,4
584,111,3
296,90,4
236,251,4
56,280,5
919,333,5
360,224,4
907,101,5
110,132,4
192,13,2
904,457,4
93,441,1
862,497,5
568,98,5
60,120,3
650,293,3
39,304,1
540,199,5
49,1,5
420,60,3
637,250,3
13,140,4
992,149,5
36,395,5
101,44,4
794,371,5
86,186,1
516,108,3
223,44,3
338,78,3
960,226,2
166,162,1
383,281,1
856,253,4
895,132,2
376,448,5
471,372,1
790,375,2
642,474,2
31,144,1
375,266,4
11,109,2
988,194,3
302,35,2
96,467,5
190,390,1
453,275,5
192,187,4
486,437,3
266,500,1
424,243,2
128,264,3
238,462,2
920,10,4
355,451,1
940,166,4
112,29,4
828,271,4
446,87,4
343,23,2
145,210,5
65,46,2
247,467,3
735,28,4
991,26,3
490,266,2
825,175,4
439,4,2
106,311,4
181,322,2
184,67,1
226,135,5
777,55,5
790,464,4
909,31,1
89,74,3
688,19,1
530,156,4
371,337,1
972,156,3
936,147,4
913,485,5
399,87,1
106,20,5
271,269,5
975,333,2
831,43,3
503,395,1
679,432,5
525,399,5
849,401,3
32,438,5
393,306,5
40,28,5
660,467,5
218,260,2
731,22,2
981,470,4
82,375,1
845,101,3
720,39,4
201,290,2
447,353,2
844,300,2
428,170,4
38,296,2
211,353,4
444,396,2
327,130,5
761,156,5
227,74,1
48,342,2
18,465,1
912,90,4
439,67,1
807,455,2
708,236,4
187,200,4
345,468,5
224,332,4
830,227,4
488,465,1
909,348,4
877,233,3
849,266,5
229,86,5
390,102,4
979,441,1
589,481,5
188,214,5
858,108,3
270,165,4
607,461,5
310,91,5
132,192,5
551,335,5
72,86,1
793,222,2
845,363,3
672,424,1
187,101,3
486,226,5
191,364,3
422,60,4
120,482,4
220,250,2
53,48,2
734,117,3
451,227,1
412,362,1
643,403,5
237,456,1
758,487,2
738,33,1
720,44,5
406,476,4
608,165,1
422,368,1
712,345,2
247,292,3
72,337,4
830,344,3
185,405,5
6,386,5
206,287,3
544,364,2
611,225,2
906,286,2
387,204,4
768,172,5
699,12,5
76,307,5
177,121,4
827,433,5
799,244,3
349,152,1
255,152,4
837,188,1
702,395,3
308,13,2
345,91,2
127,200,2
937,74,4
287,256,2
766,456,4
725,448,4
762,276,1
596,328,2
487,329,5
383,71,2
406,78,2
388,284,2
525,130,5
557,377,5
639,43,4
938,8,5
626,13,4
945,213,1
276,111,4
500,476,2
717,291,3
337,23,3
950,302,2
932,254,4
481,15,2
897,130,5
911,61,4
973,115,2
273,460,5
920,320,5
58,308,4
328,420,1
731,451,1
109,325,5
279,67,1
686,249,5
328,175,1
776,339,5
315,2,5
474,172,5
111,485,5
699,448,3
781,465,1
935,334,5
229,284,2
497,475,4
156,54,2
473,458,2
701,67,3
272,420,1
887,102,3
2,120,1
758,191,5
722,409,3
511,470,4
913,304,1
286,423,3
871,47,4
13,222,2
608,21,5
498,158,5
733,348,2
238,159,3
94,377,2
338,372,4
781,410,1
171,235,3
981,150,1
606,405,2
661,257,5
624,165,1
567,77,1
849,85,5
936,46,1
467,393,1
628,401,5
143,47,5
201,213,2
180,479,2
714,487,1
364,59,3
479,54,2
565,342,2
471,12,3
384,192,3
692,6,5
926,309,2
417,144,4
825,346,4
308,261,1
649,73,2
694,174,4
367,232,2
1,270,2
44,428,4
739,447,2
843,362,3
98,222,1
720,52,5
265,116,4
800,26,5
783,53,1
140,365,3
481,29,3
237,19,3
974,303,3
953,392,4
904,279,4
72,117,2
667,106,2
190,419,1
268,479,2
321,309,1
107,227,1
232,352,1
42,186,3
702,261,5
883,16,5
139,273,4
615,160,1
683,358,3
863,250,2
273,224,2
481,256,4
416,180,4
506,20,1
733,112,1
725,120,2
853,194,2
424,468,2
407,111,2
568,210,5
390,1,1
342,58,1
946,93,2
614,221,3
933,211,2
493,428,4
192,232,3
499,262,4
822,364,3
712,103,4
233,50,2
945,374,2
227,110,3
371,456,4
139,88,5
856,20,3
817,14,3
149,133,1
115,425,3
450,296,5
63,34,2
104,380,4
851,208,1
871,301,4
668,199,2
273,80,3
6,71,5
147,155,1
184,78,5
998,78,5
28,172,5
962,289,5
550,33,2
119,300,5
293,276,5
371,367,2
244,420,4
580,7,2
726,160,3
218,240,2
177,451,4
299,423,3
676,477,3
58,24,1
269,214,5
308,70,3
570,368,3
288,216,4
977,104,3
105,215,4
228,54,5
247,294,1
700,330,1
494,336,5
83,203,5
186,288,2
252,45,3
355,317,3
750,198,3
872,216,4
696,481,2
796,309,3
897,384,4
938,435,4
210,332,1
816,184,4
808,27,5
609,166,4
447,318,5
460,274,5
968,383,1
472,365,1
720,103,4
370,448,1
900,333,1
934,373,3
492,104,4
923,414,4
137,245,4
367,305,1
912,169,1
184,116,5
588,141,2
287,418,2
472,356,2
375,478,3
654,125,1
749,25,5
537,194,5
511,384,2
802,100,3
579,402,3
250,5,2
920,19,2
510,170,1
630,274,3
73,254,5
282,121,2
916,32,1
960,149,5
360,266,3
10,37,2
211,177,2
835,342,1
152,13,1
5,183,3
195,145,2
954,265,1
283,88,2
464,428,3
113,462,2
271,46,5
163,392,2
460,119,4
105,421,4
693,19,3
556,447,3
282,220,3
687,430,5
162,233,5
983,94,2
351,455,1
434,251,4
852,250,4
140,282,4
471,232,2
132,46,2
87,374,3
688,46,1
183,459,3
368,14,2
129,85,5
246,319,3
601,328,2
578,3,2
670,28,5
899,381,5
378,157,5
149,343,1
985,402,2
852,419,5
433,333,1
628,332,4
726,175,4
469,114,4
446,389,2
481,487,1
884,331,1
294,250,4
765,59,3
143,203,4
250,315,2
878,239,4
948,234,4
975,303,1
302,95,4
25,479,5
789,141,5
984,334,3
889,113,2
890,109,2
901,362,1
70,345,2
625,289,3
875,97,5
112,446,1
364,335,5
303,16,3
471,44,1
964,442,4
91,376,2
530,230,3
661,390,1
988,108,5
739,217,1
726,399,4
872,260,3
663,312,1
192,320,3
963,196,3
552,478,5
242,418,2
138,475,4
345,95,1
180,56,2
712,32,5
503,492,2
203,231,3
573,372,3
192,9,4
5,191,1
890,361,1
237,200,5
693,334,4
311,161,1
549,87,3
56,21,4
443,311,2
237,76,4
870,441,4
861,386,1
197,141,5
585,126,5
571,251,1
752,388,1
514,84,1
449,434,5
360,371,1
700,48,2
819,379,2
30,78,3
779,30,2
988,285,4
108,136,3
844,140,2
935,41,4
602,486,2
717,282,4
891,50,1
968,258,4
959,311,1
960,360,4
445,440,4
893,270,2
438,134,4
732,234,2
890,128,4
606,104,5
457,254,3
615,95,2
735,337,2
698,217,1
981,61,5
696,480,1
495,268,5
674,241,5
247,13,4
543,147,1
564,428,3
857,240,5
588,89,5
897,95,2
439,315,4
278,293,3
552,25,5
613,272,2
111,166,1
385,427,5
833,497,2
761,250,1
191,87,4
490,142,1
694,134,5
426,473,3
405,279,1
335,126,3
209,316,3
22,491,1
678,396,4
611,141,1
208,356,2
8,103,3
702,226,5
687,390,3
785,63,5
529,294,2
602,384,2
653,306,2
657,254,1
166,180,3
849,40,5
496,264,2
590,189,2
429,8,5
774,104,3
163,225,3
366,34,5
526,236,4
239,463,3
72,228,5
445,188,5
655,313,2
822,483,5
509,430,1
795,22,2
269,343,2
753,40,3
415,173,4
245,439,3
675,179,1
60,86,2
6,133,2
709,351,5
982,13,4
570,28,4
817,84,5
407,481,1
217,464,4
930,318,2
26,349,1
815,343,3
5,280,3
986,354,1
532,263,2
390,166,3
710,293,2
571,68,5
448,226,4
754,170,1
146,86,4
388,133,5
785,448,3
249,178,2
526,490,2
462,343,5
13,252,1
903,15,4
384,223,3
556,379,1
887,201,5
399,107,5
19,250,2
575,437,3
491,409,1
751,89,2
419,125,3
337,113,4
419,469,4
915,137,2
916,247,1
612,496,3
675,166,4
928,150,4
122,363,1
432,343,2
44,433,5
872,68,3
920,221,4
317,271,5
381,321,1
145,310,2
327,414,3
363,349,1
50,20,2
65,289,1
355,489,4
800,492,4
164,100,5
141,252,1
966,470,4
826,77,2
128,135,5
398,392,3
933,412,1
880,173,4
463,363,2
751,201,1
836,217,2
808,376,5
187,208,4
720,74,4
732,11,5
912,287,2
190,256,1
388,12,2
429,380,1
858,479,5
284,78,3
864,435,1
237,172,4
194,96,4
287,306,4
771,373,2
758,273,2
136,419,2
792,385,4
783,413,1
171,179,4
159,64,1
201,132,2
487,343,3
557,412,2
962,272,5
776,319,1
583,332,3
504,437,2
876,341,3
371,109,4
103,273,1
125,168,5
313,397,4
976,180,3
995,58,2
798,480,1
458,421,5
230,498,2
658,79,5
882,460,1
197,61,3
885,369,5
733,121,1
423,207,5
572,34,2
610,70,5
171,17,2
382,496,2
173,497,1
663,20,4
453,457,5
350,315,3
902,69,2
952,215,4
634,161,2
494,102,4
620,376,4
4,206,3
93,145,4
919,57,3
6,83,1
288,481,2
618,385,3
146,269,2
783,494,5
424,411,1
890,454,5
608,187,5
457,6,4
741,353,4
202,350,5
212,110,4
6,483,2
624,407,4
376,138,5
891,51,4
447,403,4
835,51,3
106,476,3
651,87,5
811,68,2
401,84,1
96,467,1
388,42,5
959,219,2
452,57,2
849,226,2
809,196,3
979,248,5
901,166,1
416,62,2
726,263,5
504,112,1
454,253,3
291,199,4
534,178,1
193,436,1
980,26,1
150,410,4
880,246,2
759,19,4
779,265,1
973,317,3
763,20,1
515,106,3
393,237,5
316,306,3
76,464,1
599,246,4
270,81,1
225,150,1
530,397,5
113,396,2
251,10,1
233,321,5
841,224,4
791,414,5
714,264,5
83,149,3
125,278,2
175,274,2
69,194,4
47,432,5
884,172,4
256,265,4
727,451,2
30,310,2
281,26,2
924,469,1
994,350,5
237,476,4
248,356,5
368,26,4
495,34,4
25,264,4
586,138,4
718,304,3
490,183,3
494,363,1
314,242,2
606,54,4
375,462,5
639,168,3
937,119,2
25,143,1
334,81,2
355,245,4
116,402,2
48,352,4
738,358,3
778,407,3
99,62,4
459,46,5
523,87,3
597,99,5
405,295,4
214,399,4
685,53,3
903,472,5
503,192,4
721,447,3
448,476,4
894,80,2
576,16,2
258,360,3
844,487,4
121,326,3
810,194,1
978,141,3
54,108,3
331,303,2
784,265,2
241,447,4
755,290,3
530,209,3
483,475,4
187,413,5
858,165,4
656,427,2
262,342,2
953,371,3
364,320,2
491,152,4
431,455,3
239,290,4
304,432,4
298,268,3
76,151,5
700,207,2
333,255,1
900,353,1
999,377,1
758,141,2
642,343,5
474,358,4
827,96,3
923,429,5
283,370,1
591,227,2
72,193,2
263,303,3
703,314,4
879,493,5
887,389,5
942,377,5
575,461,4
1000,118,4
892,5,4
12,444,3
141,352,2
766,243,1
555,21,4
17,152,2
63,128,4
253,124,1
465,146,4
376,277,2
804,310,3
981,394,1
520,152,2
837,360,5
90,111,5
720,469,5
804,473,3
796,116,4
630,188,4
861,57,4
175,251,3
76,384,5
613,407,4
926,150,3
663,452,3
400,162,2
782,120,4
970,70,5
71,412,1
180,351,3
124,99,2
381,167,1
293,298,3
797,151,2
195,326,4
911,464,2
228,2,3
431,152,4
942,401,5
436,365,2
787,65,1
461,326,4
618,69,4
21,121,5
64,109,2
165,316,1
27,247,5
311,434,2
285,93,1
660,268,1
281,103,3
838,431,1
831,451,2
164,112,5
898,321,5
918,411,3
224,304,2
784,344,1
146,62,3
965,300,4
950,403,2
868,443,3
30,136,5
45,55,3
787,108,4
471,303,2
34,258,3
653,253,1
427,222,2
830,478,3
886,369,3
221,167,2
868,429,5
534,160,1
692,449,2
948,166,1
367,205,1
932,267,2
841,138,3
743,368,5
915,443,1
550,346,1
582,248,3
116,55,2
239,404,5
335,209,1
441,17,1
148,68,2
9,133,3
288,188,4
388,407,3
50,430,1
850,308,1
517,138,5
916,174,3
855,412,4
638,97,5
587,171,4
677,154,5
278,183,3
954,242,1
836,304,4
989,285,3
300,27,4
802,402,3
589,360,5
810,60,3
649,202,5
618,250,1
607,362,5
135,69,2
580,458,1
147,370,3
490,21,3
478,152,2
159,102,3
384,387,1
163,488,1
441,95,5
853,446,4
189,361,3
415,229,2
339,125,1
607,258,1
181,322,1
288,487,4
834,369,4
187,426,3
884,236,2
138,162,4
130,42,5
194,276,4
316,353,1
984,68,2
785,173,3
864,492,4
144,331,1
16,125,5
302,170,5
423,47,3
245,261,3
927,217,4
107,305,3
88,124,1
129,293,1
907,162,1
887,201,4
341,454,4
4,402,3
327,462,4
410,275,1
879,206,2
306,40,1
908,273,2
607,188,3
721,355,5
225,93,4
971,42,4
348,465,1
992,379,1
321,107,2
559,328,4
988,65,3
181,365,1
618,309,4
711,484,5
386,135,2
618,494,1
792,389,1
772,24,3
108,28,1
531,62,4
410,491,4
971,273,4
296,229,5
818,20,5
171,3,1
331,421,5
493,218,5
195,399,3
12,307,5
195,432,2
490,136,2
795,397,2
881,432,1
182,3,4
962,193,3
817,73,1
656,415,4
898,361,3
316,118,3
694,154,3
30,209,2
596,440,2
678,34,2
796,137,3
793,318,3
96,120,2
381,115,3
778,13,2
444,69,2
298,425,2
808,333,4
737,257,3
845,89,1
361,47,2
374,260,1
554,228,4
303,447,3
421,180,2
246,10,2
720,284,2
237,377,1
534,126,4
185,134,3
468,155,4
754,248,2
363,140,4
283,318,1
553,436,5
336,176,5
162,323,3
160,174,3
474,481,4
601,74,3
322,351,1
12,143,2
424,455,2
73,292,4
588,398,2
858,112,4
201,206,3
522,131,3
864,369,1
505,110,2
738,370,1
688,67,5
788,382,1
39,86,4
60,275,4
578,227,1
321,460,3
435,438,5
636,325,1
676,10,3
408,489,1
923,417,2
386,397,4
671,384,2
569,355,2
78,435,5
194,288,3
285,459,4
527,112,2
524,486,4
613,24,3
156,291,1
340,339,2
125,326,3
871,168,4
280,438,3
917,109,1
906,428,3
622,190,4
846,490,2
869,355,2
658,196,5
728,33,4
910,205,5
674,312,5
128,420,1
314,182,4
332,491,2
150,147,4
454,427,1
36,268,4
685,11,4
420,70,5
22,256,4
206,396,5
639,219,5
848,297,3
957,409,1
356,362,5
440,259,4
729,3,5
96,84,5
929,156,5
941,151,2
164,176,2
148,195,2
530,426,2
294,472,3
195,107,5
663,424,3
480,134,4
877,276,1
123,395,3
400,352,2
699,380,2
965,155,4
452,277,5
661,236,1
104,240,3
755,370,5
462,13,5
743,342,3
991,35,3
718,47,3
710,214,3
396,412,2
912,405,5
337,494,5
599,146,2
142,159,5
317,444,3
711,125,1
558,110,5
800,37,1
527,277,1
556,14,2
401,473,4
681,347,5
310,232,2
495,316,2
556,124,1
610,279,5
773,479,2
109,111,3
795,124,2
372,413,3
855,431,4
616,30,3
768,115,3
891,90,1
206,212,2
847,38,4
43,83,2
865,27,3
245,217,3
287,360,2
355,486,4
785,372,4
476,215,1
83,221,3
110,15,3
950,443,1
190,259,2
983,266,3
800,463,2
936,120,4
909,464,5
251,401,1
724,128,3
291,211,1
645,11,4
201,176,4
797,133,4
326,325,4
511,320,5
409,14,2
607,50,2
790,410,5
962,72,2
941,69,4
837,391,2
508,383,1
731,16,2
601,439,1
72,334,3
247,357,1
641,56,1
724,105,4
940,132,4
855,484,4
608,48,1
587,248,5
935,273,4
566,111,4
344,420,1
971,326,3
925,336,3
54,349,2
730,484,3
528,38,4
611,357,5
532,240,2
558,318,5
963,121,5
193,48,4
895,10,1
58,233,1
437,36,1
111,413,3
129,462,1
849,4,4
706,44,3
925,56,1
852,42,5
326,255,4
8,228,4
29,114,2
112,237,4
947,397,5
673,174,4
131,255,2
188,466,4
675,417,4
709,277,2
475,464,4
364,335,3
204,441,4
212,69,1
621,326,1
276,230,3
73,67,4
679,304,5
772,460,4
243,484,1
787,417,2
102,36,3
987,417,2
685,159,5
171,149,4
653,27,5
909,475,2
188,72,4
441,248,5
86,101,1
476,190,1
52,96,3
111,384,1
949,282,1
877,322,2
854,396,1
43,278,1
211,17,2
968,263,1
200,107,1
810,68,3
858,128,1
752,293,1
627,294,3
26,96,2
919,395,1
299,1,5
77,409,2
924,298,2
137,180,1
20,408,3
440,181,2
211,235,3
752,440,5
551,319,3
435,337,4
780,8,3
207,443,2
991,429,3
439,27,3
974,308,4
779,146,4
666,91,1
42,342,2
411,272,1
523,322,4
806,5,3
610,82,4
427,387,5
275,219,3
448,118,1
902,81,3
942,464,5
884,70,4
742,115,2
369,263,2
938,306,2
220,142,4
577,422,2
867,488,5
232,207,4
328,111,2
443,303,1
52,112,4
886,417,4
943,43,3
376,347,2
263,285,1
267,128,5
359,185,4
317,229,5
324,389,5
921,221,5
908,352,3
666,444,5
870,117,2
878,70,2
652,386,1
939,70,1
563,110,5
629,427,5
421,132,3
46,56,5
821,477,5
600,443,5
720,89,4
889,137,4
269,131,3
601,218,3
381,176,2
118,171,3
566,475,2
953,100,5
116,480,3
630,129,3
260,57,3
75,181,2
480,246,2
305,144,1
7,51,2
366,368,2
634,459,4
523,218,3
348,104,2
438,383,3
215,55,3
429,257,4
791,346,3
498,156,2
540,53,3
747,442,1
367,329,1
313,444,4
538,187,2
921,364,4
54,150,1
541,264,2
467,250,3
865,433,2
164,298,5
782,411,2
334,423,3
547,211,5
798,25,4
348,294,2
273,341,4
963,152,2
720,24,1
750,252,1
414,60,3
500,467,1
93,434,5
685,367,5
79,66,2
622,398,4
217,53,5
947,416,2
358,106,4
618,96,1
507,476,2
559,176,4
181,39,3
576,168,3
246,42,5
244,367,4
506,104,3
422,333,5
320,204,2
87,8,2
217,463,4
490,282,4
519,396,4
278,43,4
849,435,3
722,110,3
169,475,5
330,210,3
650,237,2
441,356,5
391,319,3
496,49,4
381,115,3
306,155,1
742,137,5
987,167,3
820,321,3
673,199,2
513,474,4
748,71,4
949,500,2
188,7,2
930,200,1
516,336,5
913,67,4
644,493,2
427,138,2
502,242,5
730,455,2
260,213,1
513,181,5
71,254,1
478,101,3
178,351,4
457,87,2
189,185,5
291,91,1
520,248,4
765,214,4
920,359,2
979,249,4
292,126,2
946,411,3
756,438,2
635,369,1
811,4,4
283,88,4
544,151,4
846,176,2
377,211,5
658,426,2
156,259,1
508,91,2
413,259,4
528,412,3
355,191,1
559,81,3
763,415,1
187,138,1
31,433,4
260,470,2
421,350,4
529,126,4
551,369,4
304,405,3
942,356,1
986,309,5
944,343,2
39,230,4
489,460,1
644,345,2
542,310,5
670,441,5
278,20,4
203,369,5
66,49,5
108,490,2
268,135,2
222,29,4
804,48,1
530,477,4
90,269,3
693,3,5
255,258,1
455,16,2
253,94,3
257,358,3
383,134,5
442,301,2
858,327,1
599,133,2
90,312,5
749,455,3
390,482,5
582,383,4
44,32,3
712,305,5
664,269,1
598,414,1
19,25,1
101,469,4
914,316,2
607,59,1
766,213,4
357,156,1
542,496,4
761,314,1
938,276,2
33,418,5
970,389,1
229,210,5
524,444,1
630,487,2
862,427,5
155,57,4
423,185,1
905,459,1
246,54,4
405,209,2
844,368,3
759,429,1
541,342,4
161,293,3
747,340,1
702,304,5
117,252,4
271,374,5
770,438,2
692,304,3
487,112,4
885,366,1
172,6,1
950,418,3
274,191,5
259,334,5
135,432,4
683,279,4
722,382,5
748,340,4
422,13,5
421,303,3
186,44,4
929,105,5
364,160,4
955,154,1
607,242,1
378,181,2
523,14,5
580,180,2
891,377,5
722,292,4
196,264,5
881,168,1
98,214,4
605,150,1
984,16,4
22,91,5
450,120,5
172,444,1
383,253,3
134,60,5
426,266,3
25,409,4
503,31,3
185,21,1
85,219,2
567,81,2
763,289,1
144,31,2
863,498,1
910,234,5
679,474,3
412,405,2
224,36,5
220,449,2
179,132,4
631,324,1
433,346,1
265,132,5
954,497,4
429,9,3
662,30,4
416,115,4
453,301,3
727,4,3
197,325,4
554,237,2
53,23,2
480,16,4
443,22,2
330,485,3
251,72,3
807,304,2
890,446,3
783,481,1
967,444,3
925,230,4
123,107,5
879,208,2
387,389,2
339,208,3
778,263,3
348,51,5
29,65,5
975,265,4
35,338,1
518,301,4
396,378,2
623,175,3
294,451,4
589,152,3
349,476,3
147,266,4
67,329,4
904,461,5
520,304,1
122,163,5
340,438,1
175,343,4
900,367,1
691,465,2
597,238,5
451,199,5
557,500,5
136,16,3
855,309,3
16,296,4
333,356,4
195,276,3
496,472,5
9,239,3
828,69,1
334,301,5
333,6,3
327,220,4
15,254,3
839,453,2
614,433,3
226,295,5
425,358,3
790,386,4
408,107,1
113,295,2
997,118,5
428,405,4
1,168,2
266,485,3
491,251,2
208,82,1
622,54,2
712,240,2
952,366,3
369,12,3
985,209,5
306,165,3
12,366,2
345,294,1
465,399,3
700,7,5
666,78,5
494,434,2
368,65,3
846,102,3
937,451,5
420,357,3
889,300,2
791,287,1
171,171,2
134,77,3
965,48,2
427,255,4
25,82,4
530,383,3
190,209,3
141,209,1
555,445,2
846,459,1
796,84,3
658,10,3
315,29,5
444,304,1
319,482,3
441,465,4
92,446,5
179,116,2
56,490,5
155,269,2
672,428,4
111,47,2
137,359,1
232,448,2
992,91,2
468,53,5
732,218,4
481,348,2
68,77,1
814,204,5
249,44,4
994,156,4
323,2,3
922,357,1
904,313,5
518,57,5
976,290,1
792,471,4
432,58,2
487,254,1
606,180,5
429,493,1
269,157,4
709,35,3
537,75,3
148,432,2
118,289,2
850,371,4
367,75,2
850,329,3
66,78,4
970,255,4
813,265,4
370,487,1
175,304,2
831,67,5
588,221,3
495,467,2
973,164,3
114,480,2
111,455,5
761,375,3
439,220,5
715,172,3
147,254,1
35,210,1
999,188,3
309,191,3
538,389,5
750,215,4
14,375,3
374,86,2
557,474,2
428,106,2
728,332,1
233,296,5
705,19,1
563,47,2
939,65,3
887,451,2
726,475,3
663,146,5
440,434,4
502,286,3
275,382,1
850,66,2
76,5,2
439,93,2
732,353,3
860,426,5
956,468,3
699,94,1
289,106,2
915,133,3
540,434,2
891,341,1
692,314,4
253,79,4
126,212,4
177,8,2
37,497,3
410,159,2
611,268,5
610,149,3
127,350,1
483,446,4
168,91,3
592,236,3
294,474,4
845,289,1
638,410,2
343,474,2
310,356,3
662,168,4
528,193,5
540,187,1
419,271,2
444,114,1
685,385,1
558,11,1
840,55,4
236,258,4
439,65,4
214,479,3
85,172,4
794,272,3
744,150,2
85,362,2
921,146,2
489,431,2
65,209,2
646,286,4
663,10,5
627,227,4
64,186,5
343,62,4
939,85,2
875,464,1
919,134,5
352,323,1
158,297,2
589,171,5
491,213,1
658,461,4
855,18,2
463,314,4
225,60,4
917,88,2
313,27,5
615,68,3
919,278,3
859,408,2
813,40,3
940,109,1
466,74,5
88,66,4
883,168,4
303,262,2
680,368,4
435,274,1
682,337,1
135,358,2
50,237,4
432,215,3
340,366,3
347,286,5
646,378,2
347,149,5
649,318,3
245,394,3
109,376,3
825,107,5
799,141,2
533,76,1
90,9,1
296,196,3
112,295,2
813,280,2
589,381,4
177,118,4
343,290,5
660,487,4
101,61,5
758,425,1
629,389,3
604,335,2
401,306,1
28,388,1
937,51,5
962,52,3
537,122,5
58,167,1
498,8,2
297,369,4
134,45,5
331,344,1
249,245,4
550,284,4
902,375,1
941,107,3
75,27,1
654,193,2
834,418,4
168,337,2
771,357,5
503,62,4
885,62,3
355,422,1
225,282,5
664,121,2
531,280,5
146,39,3
960,380,1
241,277,5
884,94,2
893,431,5
344,115,1
749,176,5
35,121,2
702,13,1
1,485,3
996,387,3
153,416,4
429,163,5
945,275,2
508,398,5
126,176,1
491,470,4
482,337,2
345,379,5
912,324,2
738,173,1
221,488,4
915,275,2
919,64,1
723,101,3
25,322,2
528,463,4
182,66,2
499,331,2
841,45,1
641,87,5
42,458,5
915,67,2
481,453,4
930,259,4
848,422,1
748,205,2
872,426,2
439,467,5
402,424,1
546,178,3
345,419,4
893,280,4
45,344,2
646,17,1
21,296,3
634,202,4
70,450,1
864,172,3
873,407,2
48,262,5
491,194,4
551,149,4
287,375,3
10,376,5
542,35,1
756,369,2
274,29,1
956,263,3
600,221,4
756,53,4
381,421,1
329,279,2
479,353,3
15,392,2
516,76,3
191,494,2
168,176,1
521,10,5
621,463,3
137,117,1
154,280,4
388,218,4
209,175,2
272,234,4
143,437,5
611,252,3
889,295,2
820,451,3
69,322,3
247,6,1
261,21,4
788,73,3
79,330,5
658,36,5
623,387,4
770,233,4
605,216,2
525,470,2
772,497,2
938,206,4
621,426,3
330,429,1
189,44,2
95,91,1
617,417,5
8,316,4
67,470,5
496,93,2
191,467,3
366,339,2
768,454,1
521,493,2
990,83,3
117,333,3
267,282,4
611,470,4
485,21,3
509,228,3
298,376,1
909,130,2
164,175,4
376,108,1
653,414,2
268,283,4
549,71,1
74,404,5
508,50,5
73,95,4
308,279,1
199,397,2
130,337,2
758,132,1
824,398,5
572,276,1
791,380,5
615,13,5
808,3,2
832,474,4
487,474,3
853,466,1
151,224,5
669,462,1
206,175,4
986,387,4
179,385,3
197,90,3
735,408,5
89,241,3
799,35,5
434,14,2
788,195,5
748,397,3
183,431,1
209,306,3
493,334,4
130,213,3
665,410,2
13,3,5
634,179,4
871,40,5
732,452,5
106,164,3
375,307,1
582,235,4
707,257,2
698,360,2
99,495,1
594,417,1
587,391,3
886,373,2
852,116,4
192,52,1
325,376,1
979,395,1
726,411,4
827,142,2
956,86,4
467,464,4
894,46,3
367,332,1
318,497,2
144,238,3
384,10,3
216,152,5
361,61,1
324,494,2
15,18,2
217,86,2
492,137,1
951,401,2
547,230,4
183,128,4
270,104,1
945,186,2
467,397,5
870,178,5
612,357,5
519,6,4
542,341,5
467,307,2
305,36,2
985,327,5
144,356,3
111,281,5
232,395,3
691,300,1
584,14,1
722,237,2
732,285,4
592,330,2
500,50,2
595,496,4
554,261,2
273,456,4
703,110,2
173,197,1
973,378,3
7,252,2
155,88,3
522,488,5
546,313,2
548,26,1
921,262,4
518,144,1
920,60,3
914,356,4
215,268,1
134,75,1
285,3,1
126,63,4
921,236,1
439,448,1
849,446,3
686,229,1
152,390,1
331,275,5
538,18,4
383,80,5
115,215,3
894,171,5
482,485,2
284,329,4
899,255,1
75,387,5
166,126,5
189,255,1
78,72,1
947,38,3
602,324,5
688,204,5
21,172,2
566,223,2
184,217,5
871,245,2
222,336,5
827,191,4
328,298,3
179,320,2
788,182,5
112,334,2
736,383,3
726,205,4
59,361,1
327,199,1
905,332,2
621,165,5
897,242,3
669,388,4
191,130,4
200,227,4
312,122,1
708,44,3
35,451,1
379,196,2
387,358,4
758,204,3
237,467,4
616,458,1
519,318,1
283,257,1
1,17,4
731,272,3
464,9,3
230,249,2
967,437,4
172,201,2
87,59,2
553,375,2
123,393,2
843,140,1
298,119,2
885,41,3
929,399,2
690,322,1
575,331,5
484,267,5
165,8,5
699,183,4
383,480,3
209,134,1
739,181,5
432,404,1
389,423,1
560,355,4
224,72,5
3,498,2
372,113,1
687,107,5
446,290,1
611,313,4
116,117,4
270,120,2
447,147,4
368,327,5
253,415,4
317,210,2
415,296,3
95,398,1
785,103,1
892,124,5
24,245,2
628,379,2
663,356,2
850,209,1
50,421,4
502,428,1
718,393,1
498,314,1
335,404,4
79,109,3
582,377,5
27,348,3
271,50,3
562,404,1
804,105,3
247,420,1
776,373,1
591,27,5
387,456,2
702,288,1
559,257,3
973,273,5
361,137,3
866,340,2
984,301,4
488,480,2
352,322,5
701,32,2
928,45,2
256,265,5
222,30,5
884,84,3
753,166,1
781,316,4
1,1,4
546,249,4
446,261,2
79,63,5
236,483,5
334,164,5
889,321,1
349,334,5
98,201,5
82,222,2
502,152,3
967,132,4
477,114,2
927,462,2
704,217,2
765,196,4
921,281,2
550,202,3
14,483,5
392,135,3
347,234,5
310,141,5
386,196,2
209,498,2
357,43,4
974,57,1
601,420,3
568,142,4
94,210,4
93,72,3
340,224,3
597,27,5
445,128,1
757,106,2
22,165,1
291,215,1
485,71,2
784,204,1
306,153,4
634,67,4
128,90,2
625,260,2
939,362,3
273,228,3
848,79,1
442,96,1
503,349,2
130,330,1
132,469,5
597,382,4
935,246,1
482,272,1
862,495,3
390,403,5
593,157,1
999,116,4
985,435,1
325,18,2
69,442,5
660,172,1
448,16,5
528,449,1
819,240,4
617,386,4
165,56,5
488,79,3
713,103,3
709,284,2
426,193,3
697,5,5
834,106,3
265,278,2
875,373,1
612,100,3
342,238,5
832,269,5
726,321,2
278,400,2
674,489,4
439,86,4
157,320,4
422,32,1
251,336,5
878,51,4
609,79,5
530,186,2
327,174,1
961,436,2
895,106,5
97,63,4
513,76,2
216,316,3
132,321,1
260,373,5
125,81,4
82,361,2
283,128,1
683,183,4
59,243,2
544,185,5
161,498,3
284,220,3
106,71,5
105,457,1
439,342,5
228,154,2
700,245,1
582,140,3
318,71,2
464,46,4
802,47,4
599,79,4
882,422,3
874,149,5
472,398,1
56,130,3
625,456,2
13,127,2
440,365,4
18,119,1
694,454,4
973,485,2
113,357,2
229,417,5
171,489,5
295,262,5
189,244,4
426,474,1
977,382,5
79,103,3
658,489,5
919,37,4
182,142,1
499,37,5
798,8,1
762,231,3
866,333,2
826,397,1
708,296,5
835,107,4
71,348,4
248,442,4
146,18,4
618,313,1
775,83,4
296,422,2
582,288,3
470,470,1
506,194,1
193,461,4
68,215,4
494,281,1
817,220,4
52,442,4
882,459,4
363,289,4
797,344,4
917,194,5
474,158,5
846,465,5
521,104,1
763,34,3
431,102,1
844,127,5
298,214,1
435,325,3
696,432,4
691,296,2
198,179,5
128,80,5
532,141,3
984,474,4
411,31,4
934,372,2
840,423,4
65,63,3
694,48,4
241,87,3
369,304,5
536,61,5
384,396,5
431,334,1
967,440,5
83,274,3
982,411,2
831,284,4
697,466,5
951,80,1
828,180,1
611,272,3
574,77,2
286,442,5
989,221,5
534,393,1
459,282,3
212,28,1
126,361,1
413,77,2
499,164,3
425,9,2
554,175,3
610,462,5
961,307,4
543,76,4
158,245,3
112,122,4
402,185,1
759,32,5
122,486,5
273,451,4
294,250,3
398,57,1
471,310,3
985,372,4
207,144,5
110,318,5
440,84,3
278,480,2
963,56,3
568,279,2
887,273,3
915,464,2
569,166,2
940,456,2
482,467,2
803,158,1
114,249,2
893,186,2
897,482,5
820,78,1
853,22,2
477,108,4
710,273,1
933,252,5
321,15,3
179,370,5
897,304,5
219,160,1
789,205,1
949,469,4
528,113,4
492,168,1
891,353,1
61,253,1
54,441,3
680,186,5
538,347,4
848,227,4
988,16,2
65,156,3
612,354,1
586,111,1
704,1,3
171,41,4
273,48,1
889,415,2
699,420,4
535,108,5
391,161,3
940,161,4
693,359,5
327,128,2
108,210,3
847,151,1
162,444,1
814,255,5
452,471,4
206,463,2
590,218,5
16,30,2
327,473,2
608,45,2
659,80,3
2,39,5
10,240,3
434,45,4
125,78,4
81,337,1
485,396,1
652,349,1
838,288,4
150,440,2
800,280,2
873,116,5
340,269,4
129,404,1
438,335,4
751,312,2
501,53,2
58,68,3
198,182,3
211,34,5
914,284,4
902,306,3
45,386,3
97,249,4
279,111,2
535,94,5
410,410,5
461,179,5
391,47,3
847,282,2
44,340,5
27,362,4
794,92,5
97,376,1
975,212,2
548,75,1
621,378,2
567,202,4
704,445,3
219,407,3
185,421,2
69,297,5
829,308,1
130,211,4
567,493,5
890,338,3
609,433,5
848,411,1
599,134,3
806,330,2
631,66,4
720,280,4
334,422,3
925,28,2
154,412,1
547,117,4
79,493,3
579,370,4
855,487,2
413,450,1
546,317,2
609,430,5
169,325,2
681,114,2
663,75,4
583,202,2
515,427,3
314,59,4
32,386,4
287,15,5
594,231,3
43,105,2
903,165,5
617,199,3
1,404,5
573,354,1
270,35,2
180,162,5
736,245,1
518,470,2
103,287,5
10,383,5
583,471,5
90,19,5
226,452,4
670,280,5
740,340,4
917,423,4
126,348,1
956,182,2
209,423,4
97,401,3
74,147,4
627,374,3
191,176,1
682,163,3
819,416,1
960,175,1
716,494,1
56,47,3
720,256,3
553,448,1
32,174,1
527,103,2
574,121,1
667,419,5
284,350,2
721,145,2
832,42,2
494,367,5
187,29,2
498,454,2
442,380,3
130,273,3
639,465,1
292,14,1
114,408,4
199,441,5
13,306,3
271,313,1
601,485,5
215,189,2
444,360,5
790,295,3
512,183,4
447,352,3
986,36,1
993,370,1
715,37,5
74,496,3
537,14,1
101,411,2
176,123,2
427,83,4
117,159,5
166,494,1
41,329,4
429,102,2
344,337,4
424,83,4
366,44,1
120,68,1
609,48,1
657,57,5
728,75,4
229,22,4
825,132,5
130,465,2
352,456,3
889,302,2
318,443,5
984,418,4
649,267,4
836,287,1
337,395,1
273,120,4
117,246,4
818,56,1
368,38,1
94,245,2
168,21,4
954,110,4
715,94,5
341,394,2
661,410,3
914,475,3
695,136,3
925,231,1
152,8,3
586,444,5
877,328,1
913,375,1
274,290,3
554,251,1
496,400,2
724,361,2
101,397,3
557,87,5
82,204,1
529,219,4
73,406,3
14,480,1
433,241,3
157,411,3
735,320,5
132,258,4
338,109,1
404,256,3
376,481,3
888,282,1
559,220,3
107,83,3
620,107,3
265,69,2
205,97,2
79,212,4
155,286,5
783,237,1
988,8,5
997,294,5
247,189,2
531,81,4
858,108,5
948,321,5
538,67,3
729,174,1
154,346,4
154,351,1
686,328,2
92,43,5
433,187,5
338,302,1
480,200,2
693,381,3
131,419,3
450,39,5
993,220,5
810,307,4
787,4,1
273,121,5
929,336,2
588,77,1
177,468,4
696,179,3
831,133,4
643,311,1
875,229,3
49,276,2
567,152,3
666,164,3
355,290,2
712,378,5
308,109,5
868,126,3
885,240,3
630,310,4
775,418,5
46,467,2
302,401,3
868,389,3
912,345,4
408,146,4
189,252,4
822,183,1
830,309,2
129,306,1
561,72,3
537,219,4
266,207,4
118,173,4
464,141,5
144,272,2
442,214,1
200,468,2
157,269,4
487,20,3
860,66,5
134,483,2
912,303,3
148,147,4
336,429,4
71,165,4
233,378,4
334,310,5
811,6,5
666,14,2
90,132,4
334,342,5
199,243,3
161,439,5
538,231,5
121,228,2
301,162,5
724,283,3
575,263,4
963,131,1
436,431,2
68,225,3
765,258,2
922,234,4
459,336,5
514,409,5
398,316,3
620,463,4
286,24,1
561,271,1
140,95,5
730,142,4
556,182,4
929,206,3
781,390,1
590,462,3
728,81,2
894,274,4
610,276,1
748,371,3
282,446,5
661,465,2
924,208,3
816,296,5
996,39,1
936,436,1
578,288,2
746,124,5
457,364,4
87,457,1
79,283,4
205,366,4
791,180,3
337,97,3
254,191,1
304,74,4
380,447,3
130,273,5
596,497,5
276,49,5
699,484,5
558,337,4
899,210,5
183,116,4
268,23,1
808,98,1
322,328,5
512,397,5
612,407,5
78,313,1
784,190,3
339,182,1
674,148,5
556,342,3
509,495,3
238,436,2
134,23,4
973,105,5
192,163,4
356,67,2
278,290,4
18,289,5
524,46,2
180,81,4
123,429,1
246,147,3
734,222,2
373,343,1
51,15,5
1000,379,3
71,121,2
480,78,3
560,322,2
19,295,2
774,241,4
84,18,3
155,256,3
565,454,1
619,443,5
357,416,1
816,277,4
647,424,2
443,476,4
69,27,4
523,2,1
143,353,2
192,464,5
387,295,4
378,470,5
581,312,2
535,363,2
693,383,1
293,239,3
9,13,1
271,382,5
387,184,1
93,194,2
966,462,4
529,56,3
154,230,2
405,489,4
840,28,5
149,320,5
889,71,5
267,210,1
422,448,5
840,184,5
618,425,1
472,375,4
893,356,2
547,41,3
631,484,5
526,492,5
503,260,5
14,441,1
778,414,1
652,344,1
806,84,3
364,46,2
119,440,5
238,159,4
546,344,5
169,7,5
522,474,5
634,333,5
913,438,2
657,136,4
963,183,1
958,197,4
735,172,5
883,397,4
769,349,5
780,276,4
871,78,3
516,416,4
938,444,1
397,178,1
866,27,4
106,120,4
85,281,2
214,308,4
121,196,1
132,277,3
850,18,1
197,295,2
19,271,4
642,53,3
12,294,1
81,432,3
330,52,5
866,216,1
774,72,5
392,28,3
637,469,4
307,400,4
267,252,4
447,374,5
441,400,4
895,35,2
652,401,1
841,201,1
2,249,3
520,99,5
762,308,1
651,477,5
636,487,3
309,466,4
740,140,3
522,83,2
469,48,4
212,278,4
112,379,4
8,248,3
804,383,2
477,177,5
874,52,3
460,79,1
253,385,1
526,322,3
752,64,5
438,8,1
754,214,5
981,25,4
854,450,3
661,256,4
236,243,1
306,457,5
478,457,4
679,461,1
20,198,2
216,94,4
855,207,2
135,435,2
905,437,1
129,15,3
410,178,5
422,455,1
294,378,4
246,75,5
701,104,3
556,294,1
86,168,3
556,450,4
842,115,1
375,496,4
446,39,5
378,458,5
390,364,3
657,273,3
51,135,5
242,374,2
294,232,5
920,39,1
563,452,4
266,291,5
120,307,5
712,47,4
917,36,4
248,320,1
70,95,4
853,473,3
57,361,5
382,13,4
39,146,1
984,405,4
801,368,5
443,65,2
18,228,4
952,242,3
732,8,5
825,500,1
756,304,5
352,341,2
972,43,1
816,244,2
298,181,2
283,85,3
586,155,4
110,275,3
180,23,3
938,115,3
544,306,1
746,435,4
794,299,4
25,99,1
843,104,3
791,372,3
738,51,2
57,362,2
180,112,5
232,453,2
894,244,4
343,169,1
477,72,3
799,139,5
576,336,2
455,231,5
232,239,1
289,472,1
213,253,5
258,469,5
530,436,5
687,407,3
929,49,4
229,422,2
226,303,2
596,72,2
803,263,5
435,322,5
882,222,5
758,77,3
402,62,3
622,471,3
766,157,3
88,294,1
584,125,3
893,229,3
542,340,3
684,161,2
309,29,2
906,114,2
343,79,4
436,23,1
177,106,5
139,131,3
194,357,2
186,477,1
218,173,3
164,264,4
161,342,5
943,373,3
525,285,5
808,2,3
601,233,4
836,369,1
42,251,5
915,434,5
210,493,1
741,321,5
862,108,2
275,276,1
